time_s,odom_yaw_deg,imu_qx,imu_qy,imu_qz,imu_qw,imu_yaw_deg,ekf_yaw_deg
1777024203.25,,,,,,,
1777024203.31,-10.81,0.02,0.00,-0.11,0.99,-12.83,-12.83
1777024203.41,-10.81,0.02,0.00,-0.11,0.99,-12.83,-12.83
1777024203.51,-10.81,0.02,0.00,-0.11,0.99,-12.83,-12.83
1777024203.61,-10.81,0.02,0.00,-0.11,0.99,-12.83,-12.83
1777024203.71,-10.81,0.02,0.00,-0.11,0.99,-12.83,-12.83
1777024203.81,-10.81,0.02,0.00,-0.11,0.99,-12.83,-12.83
1777024203.91,-10.81,0.02,0.00,-0.11,0.99,-12.83,-12.83
1777024204.01,-10.81,0.02,0.00,-0.11,0.99,-12.83,-12.83
1777024204.11,-10.81,0.02,0.00,-0.11,0.99,-12.83,-12.83
1777024204.22,-10.81,0.02,0.00,-0.11,0.99,-12.83,-12.83
1777024204.31,-10.81,0.02,0.00,-0.11,0.99,-12.83,-12.83
1777024204.41,-10.81,0.02,0.00,-0.11,0.99,-12.83,-12.83
1777024204.51,-10.81,0.02,0.00,-0.11,0.99,-12.83,-12.83
1777024204.61,-10.81,0.02,0.00,-0.11,0.99,-12.83,-12.83
1777024204.71,-10.81,0.02,0.00,-0.11,0.99,-12.83,-12.83
1777024204.81,-10.81,0.02,0.00,-0.11,0.99,-12.83,-12.83
1777024204.91,-10.81,0.02,0.00,-0.11,0.99,-12.83,-12.83
1777024205.01,-10.81,0.02,0.00,-0.11,0.99,-12.83,-12.83
1777024205.11,-10.81,0.02,0.00,-0.11,0.99,-12.83,-12.83
1777024205.21,-10.81,0.02,0.00,-0.11,0.99,-12.83,-12.83
1777024205.31,-10.81,0.02,0.00,-0.11,0.99,-12.83,-12.83
1777024205.41,-10.81,0.02,0.00,-0.11,0.99,-12.83,-12.83
1777024205.51,-10.81,0.02,0.00,-0.11,0.99,-12.83,-12.83
1777024205.61,-10.81,0.02,0.00,-0.11,0.99,-12.83,-12.83
1777024205.71,-10.81,0.02,0.00,-0.11,0.99,-12.83,-12.83
1777024205.81,-10.81,0.02,0.00,-0.11,0.99,-12.83,-12.83
1777024205.91,-10.81,0.02,0.00,-0.11,0.99,-12.83,-12.83
1777024206.01,-10.81,0.02,0.00,-0.11,0.99,-12.83,-12.83
1777024206.11,-10.81,0.02,0.00,-0.11,0.99,-12.83,-12.83
1777024206.21,-10.81,0.02,0.00,-0.11,0.99,-12.83,-12.83
1777024206.31,-10.81,0.02,0.00,-0.11,0.99,-12.83,-12.83
1777024206.41,-10.81,0.02,0.00,-0.11,0.99,-12.83,-12.83
1777024206.51,-10.81,0.02,0.00,-0.11,0.99,-12.83,-12.83
1777024206.61,-10.81,0.02,0.00,-0.11,0.99,-12.83,-12.83
1777024206.71,-10.81,0.02,0.00,-0.11,0.99,-12.83,-12.83
1777024206.81,-10.81,0.02,0.00,-0.11,0.99,-12.83,-12.83
1777024206.91,-10.81,0.02,0.00,-0.11,0.99,-12.83,-12.83
1777024207.01,-10.81,0.02,0.00,-0.11,0.99,-12.83,-12.83
1777024207.11,-10.81,0.02,0.00,-0.11,0.99,-12.83,-12.83
1777024207.21,-10.81,0.02,0.00,-0.11,0.99,-12.83,-12.83
1777024207.31,-10.81,0.02,0.00,-0.11,0.99,-12.83,-12.83
1777024207.41,-10.81,0.02,0.00,-0.11,0.99,-12.83,-12.83
1777024207.51,-10.81,0.02,0.00,-0.11,0.99,-12.83,-12.83
1777024207.61,-10.81,0.02,0.00,-0.11,0.99,-12.83,-12.83
1777024207.71,-10.81,0.02,0.00,-0.11,0.99,-12.83,-12.83
1777024207.81,-10.81,0.02,0.00,-0.11,0.99,-12.83,-12.83
1777024207.91,-10.81,0.02,0.00,-0.11,0.99,-12.83,-12.83
1777024208.01,-10.81,0.02,0.00,-0.11,0.99,-12.83,-12.83
1777024208.11,-10.81,0.02,0.00,-0.11,0.99,-12.83,-12.83
1777024208.21,-10.81,0.02,0.00,-0.11,0.99,-12.83,-12.83
1777024208.31,-10.81,0.02,0.00,-0.11,0.99,-12.83,-12.83
1777024208.41,-10.81,0.02,0.00,-0.11,0.99,-12.83,-12.83
1777024208.51,-10.81,0.02,0.00,-0.11,0.99,-12.83,-12.83
1777024208.61,-10.81,0.02,0.00,-0.11,0.99,-12.83,-12.83
1777024208.71,-10.81,0.02,0.00,-0.11,0.99,-12.83,-12.83
1777024208.81,-10.81,0.02,0.00,-0.11,0.99,-12.83,-12.83
1777024208.91,-10.81,0.02,0.00,-0.11,0.99,-12.83,-12.83
1777024209.01,-10.81,0.02,0.00,-0.11,0.99,-12.83,-12.83
1777024209.11,-10.81,0.02,0.00,-0.11,0.99,-12.83,-12.83
1777024209.21,-10.81,0.02,0.00,-0.11,0.99,-12.83,-12.83
1777024209.31,-10.81,0.02,0.00,-0.11,0.99,-12.83,-12.83
1777024209.41,-10.81,0.02,0.00,-0.11,0.99,-12.83,-12.83
1777024209.51,-10.81,0.02,0.00,-0.11,0.99,-12.83,-12.83
1777024209.61,-10.81,0.02,0.00,-0.11,0.99,-12.83,-12.83
1777024209.71,-10.81,0.02,0.00,-0.11,0.99,-12.83,-12.83
1777024209.81,-10.81,0.02,0.00,-0.11,0.99,-12.83,-12.83
1777024209.91,-10.81,0.02,0.00,-0.11,0.99,-12.83,-12.83
1777024210.01,-10.81,0.02,0.00,-0.11,0.99,-12.83,-12.83
1777024210.11,-10.81,0.02,0.00,-0.11,0.99,-12.83,-12.83
1777024210.21,-10.81,0.02,0.00,-0.11,0.99,-12.83,-12.83
1777024210.31,-10.81,0.02,0.00,-0.11,0.99,-12.83,-12.83
1777024210.41,-10.81,0.02,0.00,-0.11,0.99,-12.83,-12.83
1777024210.51,-10.81,0.02,0.00,-0.11,0.99,-12.83,-12.83
1777024210.61,-10.81,0.02,0.00,-0.11,0.99,-12.83,-12.83
1777024210.71,-10.81,0.02,0.00,-0.11,0.99,-12.83,-12.83
1777024210.81,-10.81,0.02,0.00,-0.11,0.99,-12.83,-12.83
1777024210.91,-10.81,0.02,0.00,-0.11,0.99,-12.83,-12.83
1777024211.01,-10.81,0.02,0.00,-0.11,0.99,-12.83,-12.83
1777024211.11,-10.81,0.02,0.00,-0.11,0.99,-12.83,-12.83
1777024211.21,-10.81,0.02,0.00,-0.11,0.99,-12.83,-12.83
1777024211.31,-10.81,0.02,0.00,-0.11,0.99,-12.83,-12.83
1777024211.41,-10.81,0.02,0.00,-0.11,0.99,-12.83,-12.83
1777024211.52,-10.81,0.02,0.00,-0.11,0.99,-12.83,-12.83
1777024211.61,-10.81,0.02,0.00,-0.11,0.99,-12.83,-12.83
1777024211.71,-10.81,0.02,0.00,-0.11,0.99,-12.83,-12.83
1777024211.81,-10.81,0.02,0.00,-0.11,0.99,-12.83,-12.83
1777024211.91,-10.81,0.02,0.00,-0.11,0.99,-12.83,-12.83
1777024212.01,-10.81,0.02,0.00,-0.11,0.99,-12.83,-12.83
1777024212.11,-10.81,0.02,0.00,-0.11,0.99,-12.83,-12.83
1777024212.21,-10.81,0.02,0.00,-0.11,0.99,-12.83,-12.83
1777024212.31,-10.75,0.02,0.00,-0.11,0.99,-12.83,-12.83
1777024212.41,-10.72,0.02,0.00,-0.11,0.99,-12.83,-12.83
1777024212.51,-10.72,0.02,0.00,-0.11,0.99,-12.83,-12.83
1777024212.61,-10.72,0.02,0.00,-0.11,0.99,-12.83,-12.83
1777024212.71,-10.72,0.02,0.00,-0.11,0.99,-12.83,-12.83
1777024212.81,-10.72,0.02,0.00,-0.11,0.99,-12.83,-12.83
1777024212.91,-10.72,0.02,0.00,-0.11,0.99,-12.83,-12.83
1777024213.01,-10.72,0.02,0.00,-0.11,0.99,-12.83,-12.83
1777024213.11,-10.72,0.02,0.00,-0.11,0.99,-12.83,-12.83
1777024213.21,-10.72,0.02,0.00,-0.11,0.99,-12.83,-12.83
1777024213.31,-10.72,0.02,0.00,-0.11,0.99,-12.83,-12.83
1777024213.41,-10.72,0.02,0.00,-0.11,0.99,-12.83,-12.83
1777024213.51,-10.72,0.02,0.00,-0.11,0.99,-12.83,-12.83
1777024213.61,-10.72,0.02,0.00,-0.11,0.99,-12.83,-12.83
1777024213.71,-10.72,0.02,0.00,-0.11,0.99,-12.83,-12.83
1777024213.81,-10.72,0.02,0.00,-0.11,0.99,-12.83,-12.83
1777024213.91,-10.72,0.02,0.00,-0.11,0.99,-12.83,-12.83
1777024214.01,-10.72,0.02,0.00,-0.11,0.99,-12.83,-12.83
1777024214.11,-10.72,0.02,0.00,-0.11,0.99,-12.83,-12.83
1777024214.21,-10.72,0.02,0.00,-0.11,0.99,-12.83,-12.83
1777024214.31,-10.72,0.02,0.00,-0.11,0.99,-12.83,-12.83
1777024214.41,-10.72,0.02,0.00,-0.11,0.99,-12.83,-12.83
1777024214.51,-10.72,0.02,0.00,-0.11,0.99,-12.83,-12.83
1777024214.61,-10.72,0.02,0.00,-0.11,0.99,-12.83,-12.83
1777024214.71,-10.72,0.02,0.00,-0.11,0.99,-12.83,-12.83
1777024214.81,-10.72,0.02,0.00,-0.11,0.99,-12.83,-12.83
1777024214.91,-10.72,0.02,0.00,-0.11,0.99,-12.83,-12.83
1777024215.01,-10.72,0.02,0.00,-0.11,0.99,-12.83,-12.83
1777024215.11,-10.72,0.02,0.00,-0.11,0.99,-12.83,-12.83
1777024215.21,-10.72,0.02,0.00,-0.11,0.99,-12.83,-12.83
1777024215.31,-10.72,0.02,0.00,-0.11,0.99,-12.83,-12.83
1777024215.41,-10.72,0.02,0.00,-0.11,0.99,-12.83,-12.83
1777024215.51,-10.72,0.02,0.00,-0.11,0.99,-12.83,-12.83
1777024215.61,-10.72,0.02,0.00,-0.11,0.99,-12.83,-12.83
1777024215.71,-10.72,0.02,0.00,-0.11,0.99,-12.83,-12.83
1777024215.81,-10.72,0.02,0.00,-0.11,0.99,-12.83,-12.83
1777024215.91,-10.72,0.02,0.00,-0.11,0.99,-12.83,-12.83
1777024216.01,-10.72,0.02,0.00,-0.11,0.99,-12.83,-12.83
1777024216.11,-10.72,0.02,0.00,-0.11,0.99,-12.83,-12.83
1777024216.21,-10.72,0.02,0.00,-0.11,0.99,-12.83,-12.83
1777024216.31,-10.72,0.02,0.00,-0.11,0.99,-12.83,-12.83
1777024216.41,-10.72,0.02,0.00,-0.11,0.99,-12.83,-12.83
1777024216.51,-10.72,0.02,0.00,-0.11,0.99,-12.83,-12.83
1777024216.61,-10.72,0.02,0.00,-0.11,0.99,-12.83,-12.83
1777024216.71,-10.72,0.02,0.00,-0.11,0.99,-12.83,-12.83
1777024216.82,-10.72,0.02,0.00,-0.11,0.99,-12.83,-12.83
1777024216.91,-10.72,0.02,0.00,-0.11,0.99,-12.83,-12.83
1777024217.01,-10.72,0.02,0.00,-0.11,0.99,-12.83,-12.83
1777024217.11,-10.72,0.02,0.00,-0.11,0.99,-12.83,-12.83
1777024217.21,-10.72,0.02,0.00,-0.11,0.99,-12.83,-12.83
1777024217.31,-10.72,0.02,0.00,-0.11,0.99,-12.83,-12.83
1777024217.41,-10.72,0.02,0.00,-0.11,0.99,-12.83,-12.83
1777024217.51,-10.72,0.02,0.00,-0.11,0.99,-12.83,-12.83
1777024217.61,-10.72,0.02,0.00,-0.11,0.99,-12.83,-12.83
1777024217.71,-10.72,0.02,0.00,-0.11,0.99,-12.83,-12.83
1777024217.81,-10.72,0.02,0.00,-0.11,0.99,-12.83,-12.83
1777024217.91,-10.72,0.02,0.00,-0.11,0.99,-12.83,-12.83
1777024218.01,-10.72,0.02,0.00,-0.11,0.99,-12.83,-12.83
1777024218.11,-10.72,0.02,0.00,-0.11,0.99,-12.83,-12.83
1777024218.21,-10.72,0.02,0.00,-0.11,0.99,-12.83,-12.83
1777024218.31,-10.72,0.02,0.00,-0.11,0.99,-12.83,-12.83
1777024218.41,-10.72,0.02,0.00,-0.11,0.99,-12.83,-12.83
1777024218.51,-10.72,0.02,0.00,-0.11,0.99,-12.83,-12.83
1777024218.61,-10.72,0.02,0.00,-0.11,0.99,-12.83,-12.83
1777024218.71,-10.72,0.02,0.00,-0.11,0.99,-12.83,-12.83
1777024218.81,-10.72,0.02,0.00,-0.11,0.99,-12.83,-12.83
1777024218.91,-10.72,0.02,0.00,-0.11,0.99,-12.83,-12.83
1777024219.01,-10.72,0.02,0.00,-0.11,0.99,-12.83,-12.83
1777024219.11,-10.72,0.02,0.00,-0.11,0.99,-12.83,-12.83
1777024219.21,-10.72,0.02,0.00,-0.11,0.99,-12.83,-12.83
1777024219.31,-10.72,0.02,0.00,-0.11,0.99,-12.83,-12.83
1777024219.41,-10.72,0.02,0.00,-0.11,0.99,-12.83,-12.83
1777024219.51,-10.72,0.02,0.00,-0.11,0.99,-12.83,-12.83
1777024219.61,-10.72,0.02,0.00,-0.11,0.99,-12.83,-12.83
1777024219.71,-10.72,0.02,0.00,-0.11,0.99,-12.83,-12.83
1777024219.81,-10.72,0.02,0.00,-0.11,0.99,-12.83,-12.83
1777024219.91,-10.72,0.02,0.00,-0.11,0.99,-12.83,-12.83
1777024220.01,-10.72,0.02,0.00,-0.11,0.99,-12.83,-12.83
1777024220.11,-10.72,0.02,0.00,-0.11,0.99,-12.83,-12.83
1777024220.21,-10.72,0.02,0.00,-0.11,0.99,-12.83,-12.83
1777024220.31,-10.72,0.02,0.00,-0.11,0.99,-12.83,-12.83
1777024220.41,-10.72,0.02,0.00,-0.11,0.99,-12.83,-12.83
1777024220.51,-10.72,0.02,0.00,-0.11,0.99,-12.83,-12.83
1777024220.61,-10.72,0.02,0.00,-0.11,0.99,-12.83,-12.83
1777024220.71,-10.72,0.02,0.00,-0.11,0.99,-12.83,-12.83
1777024220.83,-10.72,0.02,0.00,-0.11,0.99,-12.83,-12.83
1777024220.91,-10.72,0.02,0.00,-0.11,0.99,-12.83,-12.83
1777024221.01,-10.72,0.02,0.00,-0.11,0.99,-12.83,-12.83
1777024221.11,-10.72,0.02,0.00,-0.11,0.99,-12.83,-12.83
1777024221.21,-10.72,0.02,0.00,-0.11,0.99,-12.83,-12.83
1777024221.31,-10.72,0.02,0.00,-0.11,0.99,-12.83,-12.83
1777024221.41,-10.72,0.02,0.00,-0.11,0.99,-12.83,-12.83
1777024221.51,-10.72,0.02,0.00,-0.11,0.99,-12.83,-12.83
1777024221.61,-10.72,0.02,0.00,-0.11,0.99,-12.83,-12.83
1777024221.71,-10.72,0.02,0.00,-0.11,0.99,-12.83,-12.83
1777024221.81,-10.72,0.02,0.00,-0.11,0.99,-12.83,-12.83
1777024221.91,-10.72,0.02,0.00,-0.11,0.99,-12.83,-12.83
1777024222.01,-10.72,0.02,0.00,-0.11,0.99,-12.83,-12.83
1777024222.11,-10.72,0.02,0.00,-0.11,0.99,-12.83,-12.83
1777024222.21,-10.72,0.02,0.00,-0.11,0.99,-12.83,-12.83
1777024222.31,-10.72,0.02,0.00,-0.11,0.99,-12.83,-12.83
1777024222.41,-10.72,0.02,0.00,-0.11,0.99,-12.83,-12.83
1777024222.51,-10.72,0.02,0.00,-0.11,0.99,-12.83,-12.83
1777024222.61,-10.72,0.02,0.00,-0.11,0.99,-12.83,-12.83
1777024222.71,-10.72,0.02,0.00,-0.11,0.99,-12.83,-12.83
1777024222.81,-10.72,0.02,0.00,-0.11,0.99,-12.83,-12.83
1777024222.91,-10.72,0.02,0.00,-0.11,0.99,-12.83,-12.83
1777024223.01,-10.72,0.02,0.00,-0.11,0.99,-12.83,-12.83
1777024223.11,-10.72,0.02,0.00,-0.11,0.99,-12.83,-12.83
1777024223.21,-10.72,0.02,0.00,-0.11,0.99,-12.83,-12.83
1777024223.31,-10.72,0.02,0.00,-0.11,0.99,-12.83,-12.83
1777024223.41,-10.72,0.02,0.00,-0.11,0.99,-12.83,-12.83
1777024223.51,-10.72,0.02,0.00,-0.11,0.99,-12.83,-12.83
1777024223.61,-10.72,0.02,0.00,-0.11,0.99,-12.83,-12.83
1777024223.71,-10.72,0.02,0.00,-0.11,0.99,-12.83,-12.83
1777024223.81,-10.72,0.02,0.00,-0.11,0.99,-12.83,-12.83
1777024223.91,-10.75,0.02,0.00,-0.11,0.99,-12.86,-12.86
1777024224.01,-10.81,0.02,0.00,-0.11,0.99,-12.86,-12.86
1777024224.11,-10.84,0.02,0.00,-0.11,0.99,-12.86,-12.86
1777024224.21,-10.84,0.02,0.00,-0.11,0.99,-12.85,-12.85
1777024224.31,-10.95,0.02,0.00,-0.11,0.99,-12.85,-12.85
1777024224.41,-11.07,0.02,0.00,-0.11,0.99,-12.85,-12.85
1777024224.51,-11.13,0.02,0.00,-0.11,0.99,-12.85,-12.85
1777024224.61,-11.13,0.02,0.00,-0.11,0.99,-12.84,-12.84
1777024224.71,-11.13,0.02,-0.00,-0.11,0.99,-12.79,-12.79
1777024224.81,-11.01,0.02,-0.00,-0.11,0.99,-12.79,-12.79
1777024224.91,-11.01,0.02,-0.00,-0.11,0.99,-12.84,-12.84
1777024225.01,-10.95,0.02,-0.00,-0.11,0.99,-12.83,-12.84
1777024225.11,-10.84,0.02,-0.00,-0.11,0.99,-12.84,-12.83
1777024225.21,-10.72,0.02,0.00,-0.11,0.99,-12.92,-12.91
1777024225.31,-10.72,0.02,0.00,-0.11,0.99,-12.92,-12.92
1777024225.41,-10.84,0.02,0.00,-0.11,0.99,-12.95,-12.94
1777024225.51,-10.95,0.02,0.00,-0.11,0.99,-13.11,-13.08
1777024225.61,-11.07,0.02,0.00,-0.12,0.99,-13.42,-13.39
1777024225.71,-11.30,0.02,-0.00,-0.12,0.99,-13.71,-13.70
1777024225.81,-11.53,0.02,-0.00,-0.12,0.99,-13.82,-13.81
1777024225.91,-11.76,0.02,-0.00,-0.12,0.99,-13.83,-13.83
1777024226.01,-11.82,0.02,-0.00,-0.12,0.99,-13.83,-13.83
1777024226.11,-11.82,0.02,-0.00,-0.12,0.99,-13.82,-13.83
1777024226.21,-11.82,0.02,-0.00,-0.12,0.99,-13.82,-13.83
1777024226.31,-11.82,0.02,-0.00,-0.12,0.99,-13.82,-13.83
1777024226.41,-11.82,0.02,-0.00,-0.12,0.99,-13.82,-13.83
1777024226.51,-11.82,0.02,-0.00,-0.12,0.99,-13.82,-13.83
1777024226.61,-11.79,0.02,-0.00,-0.12,0.99,-13.82,-13.83
1777024226.71,-11.73,0.02,0.00,-0.12,0.99,-13.83,-13.83
1777024226.81,-11.68,0.02,0.00,-0.12,0.99,-13.88,-13.87
1777024226.91,-11.71,0.02,0.00,-0.12,0.99,-13.92,-13.91
1777024227.01,-11.82,0.02,0.00,-0.12,0.99,-14.04,-14.03
1777024227.11,-11.94,0.02,0.00,-0.12,0.99,-14.15,-14.14
1777024227.21,-11.94,0.02,-0.00,-0.12,0.99,-14.30,-14.30
1777024227.31,-11.94,0.02,-0.00,-0.13,0.99,-14.52,-14.52
1777024227.41,-12.06,0.02,-0.00,-0.13,0.99,-14.77,-14.77
1777024227.51,-12.28,0.02,-0.00,-0.13,0.99,-15.13,-15.10
1777024227.61,-12.46,0.02,-0.00,-0.13,0.99,-15.38,-15.38
1777024227.71,-12.63,0.02,-0.00,-0.14,0.99,-15.56,-15.56
1777024227.81,-12.69,0.02,-0.00,-0.14,0.99,-15.59,-15.61
1777024227.91,-12.63,0.02,-0.00,-0.14,0.99,-15.58,-15.59
1777024228.01,-12.58,0.02,-0.00,-0.14,0.99,-15.58,-15.59
1777024228.11,-12.52,0.02,-0.00,-0.14,0.99,-15.68,-15.68
1777024228.21,-12.58,0.02,-0.00,-0.14,0.99,-15.71,-15.72
1777024228.31,-12.63,0.02,-0.00,-0.14,0.99,-15.89,-15.87
1777024228.41,-12.69,0.02,-0.00,-0.14,0.99,-16.13,-16.12
1777024228.51,-12.75,0.02,-0.00,-0.14,0.99,-16.42,-16.42
1777024228.62,-13.04,0.02,-0.00,-0.15,0.99,-16.93,-16.93
1777024228.71,-13.45,0.02,-0.00,-0.15,0.99,-17.48,-17.45
1777024228.81,-13.74,0.02,-0.00,-0.15,0.99,-17.81,-17.80
1777024228.91,-14.03,0.02,-0.00,-0.16,0.99,-17.97,-17.98
1777024229.01,-14.14,0.02,-0.00,-0.16,0.99,-18.09,-18.06
1777024229.11,-14.26,0.02,-0.00,-0.16,0.99,-18.24,-18.23
1777024229.21,-14.37,0.02,-0.00,-0.16,0.99,-18.66,-18.62
1777024229.31,-15.18,0.02,-0.00,-0.17,0.99,-19.44,-19.37
1777024229.41,-16.17,0.02,-0.00,-0.18,0.98,-20.55,-20.45
1777024229.51,-17.39,0.02,-0.00,-0.19,0.98,-21.85,-21.75
1777024229.61,-18.52,0.02,-0.00,-0.20,0.98,-23.01,-22.95
1777024229.71,-19.56,0.02,-0.00,-0.21,0.98,-23.82,-23.79
1777024229.81,-20.34,0.02,-0.00,-0.21,0.98,-24.40,-24.38
1777024229.91,-20.86,0.02,-0.00,-0.22,0.98,-24.86,-24.86
1777024230.01,-21.27,0.02,-0.00,-0.22,0.98,-25.24,-25.19
1777024230.11,-21.67,0.02,-0.00,-0.22,0.98,-25.48,-25.50
1777024230.21,-21.97,0.02,-0.00,-0.22,0.97,-25.70,-25.73
1777024230.31,-22.14,0.02,-0.00,-0.22,0.97,-25.87,-25.89
1777024230.41,-22.31,0.02,-0.00,-0.22,0.97,-25.98,-26.00
1777024230.51,-22.49,0.02,-0.00,-0.23,0.97,-26.06,-26.08
1777024230.61,-22.54,0.02,-0.00,-0.23,0.97,-26.08,-26.10
1777024230.71,-22.60,0.02,-0.00,-0.23,0.97,-26.08,-26.10
1777024230.81,-22.66,0.02,-0.00,-0.23,0.97,-26.08,-26.10
1777024230.91,-22.72,0.02,-0.00,-0.23,0.97,-26.08,-26.10
1777024231.01,-22.78,0.02,-0.00,-0.23,0.97,-26.08,-26.10
1777024231.11,-22.81,0.02,-0.00,-0.23,0.97,-26.08,-26.10
1777024231.21,-22.81,0.02,-0.00,-0.23,0.97,-26.08,-26.09
1777024231.31,-22.81,0.02,-0.00,-0.23,0.97,-26.08,-26.10
1777024231.41,-22.78,0.02,-0.00,-0.23,0.97,-26.08,-26.09
1777024231.51,-22.72,0.02,-0.00,-0.23,0.97,-26.08,-26.09
1777024231.61,-22.66,0.02,-0.00,-0.23,0.97,-26.08,-26.09
1777024231.71,-22.66,0.02,-0.00,-0.23,0.97,-26.08,-26.09
1777024231.81,-22.66,0.02,-0.00,-0.23,0.97,-26.08,-26.09
1777024231.91,-22.66,0.02,-0.00,-0.23,0.97,-26.08,-26.09
1777024232.01,-22.66,0.02,-0.00,-0.23,0.97,-26.08,-26.09
1777024232.11,-22.66,0.02,-0.00,-0.23,0.97,-26.08,-26.09
1777024232.21,-22.66,0.02,-0.00,-0.23,0.97,-26.08,-26.09
1777024232.31,-22.66,0.02,-0.00,-0.23,0.97,-26.08,-26.09
1777024232.41,-22.66,0.02,-0.00,-0.23,0.97,-26.08,-26.09
1777024232.51,-22.66,0.02,-0.00,-0.23,0.97,-26.08,-26.09
1777024232.61,-22.66,0.02,-0.00,-0.23,0.97,-26.08,-26.08
1777024232.71,-22.66,0.02,-0.00,-0.23,0.97,-26.08,-26.09
1777024232.81,-22.66,0.02,-0.00,-0.23,0.97,-26.08,-26.09
1777024232.91,-22.66,0.02,-0.00,-0.23,0.97,-26.08,-26.09
1777024233.01,-22.66,0.02,-0.00,-0.23,0.97,-26.08,-26.09
1777024233.11,-22.66,0.02,-0.00,-0.23,0.97,-26.08,-26.08
1777024233.21,-22.66,0.02,-0.00,-0.23,0.97,-26.08,-26.08
1777024233.31,-22.66,0.02,-0.00,-0.23,0.97,-26.08,-26.08
1777024233.41,-22.66,0.02,-0.00,-0.23,0.97,-26.08,-26.08
1777024233.51,-22.72,0.02,-0.00,-0.23,0.97,-26.08,-26.08
1777024233.61,-22.78,0.02,-0.00,-0.23,0.97,-26.08,-26.08
1777024233.71,-22.83,0.02,-0.00,-0.23,0.97,-26.08,-26.08
1777024233.81,-22.89,0.02,-0.00,-0.23,0.97,-26.08,-26.08
1777024233.91,-22.95,0.02,-0.00,-0.23,0.97,-26.08,-26.08
1777024234.01,-22.95,0.02,-0.00,-0.23,0.97,-26.08,-26.08
1777024234.11,-22.95,0.02,-0.00,-0.23,0.97,-26.08,-26.08
1777024234.21,-22.95,0.02,-0.00,-0.23,0.97,-26.08,-26.08
1777024234.31,-22.95,0.02,-0.00,-0.23,0.97,-26.08,-26.08
1777024234.41,-22.95,0.02,-0.00,-0.23,0.97,-26.08,-26.08
1777024234.51,-22.95,0.02,-0.00,-0.23,0.97,-26.08,-26.08
1777024234.61,-22.95,0.02,-0.00,-0.23,0.97,-26.08,-26.08
1777024234.71,-22.95,0.02,-0.00,-0.23,0.97,-26.08,-26.08
1777024234.81,-22.95,0.02,-0.00,-0.23,0.97,-26.08,-26.08
1777024234.91,-22.95,0.02,-0.00,-0.23,0.97,-26.08,-26.08
1777024235.01,-22.95,0.02,-0.00,-0.23,0.97,-26.08,-26.08
1777024235.11,-22.95,0.02,-0.00,-0.23,0.97,-26.08,-26.08
1777024235.21,-22.95,0.02,-0.00,-0.23,0.97,-26.08,-26.08
1777024235.31,-22.95,0.02,-0.00,-0.23,0.97,-26.08,-26.08
1777024235.41,-22.95,0.02,-0.00,-0.23,0.97,-26.08,-26.08
1777024235.51,-22.95,0.02,-0.00,-0.23,0.97,-26.08,-26.08
1777024235.61,-22.95,0.02,-0.00,-0.23,0.97,-26.08,-26.08
1777024235.71,-22.95,0.02,-0.00,-0.23,0.97,-26.08,-26.08
1777024235.81,-22.95,0.02,-0.00,-0.23,0.97,-26.08,-26.08
1777024235.91,-22.95,0.02,-0.00,-0.23,0.97,-26.08,-26.08
1777024236.01,-22.95,0.02,-0.00,-0.23,0.97,-26.08,-26.08
1777024236.11,-22.95,0.02,-0.00,-0.23,0.97,-26.08,-26.08
1777024236.21,-22.95,0.02,-0.00,-0.23,0.97,-26.08,-26.08
1777024236.31,-22.95,0.02,-0.00,-0.23,0.97,-26.08,-26.08
1777024236.41,-22.95,0.02,-0.00,-0.23,0.97,-26.08,-26.08
1777024236.51,-22.95,0.02,-0.00,-0.23,0.97,-26.08,-26.08
1777024236.61,-22.95,0.02,-0.00,-0.23,0.97,-26.08,-26.08
1777024236.71,-22.95,0.02,-0.00,-0.23,0.97,-26.08,-26.08
1777024236.81,-22.95,0.02,-0.00,-0.23,0.97,-26.08,-26.08
1777024236.91,-22.95,0.02,-0.00,-0.23,0.97,-26.08,-26.08
1777024237.01,-22.95,0.02,-0.00,-0.23,0.97,-26.08,-26.08
1777024237.11,-22.95,0.02,-0.00,-0.23,0.97,-26.08,-26.08
1777024237.21,-22.95,0.02,-0.00,-0.23,0.97,-26.08,-26.08
1777024237.31,-22.95,0.02,-0.00,-0.23,0.97,-26.08,-26.08
1777024237.41,-22.95,0.02,-0.00,-0.23,0.97,-26.08,-26.08
1777024237.51,-22.95,0.02,-0.00,-0.23,0.97,-26.08,-26.08
1777024237.61,-22.95,0.02,-0.00,-0.23,0.97,-26.08,-26.08
1777024237.71,-22.95,0.02,-0.00,-0.23,0.97,-26.08,-26.08
1777024237.81,-22.95,0.02,-0.00,-0.23,0.97,-26.08,-26.08
1777024237.91,-22.95,0.02,-0.00,-0.23,0.97,-26.08,-26.08
1777024238.01,-22.95,0.02,-0.00,-0.23,0.97,-26.08,-26.08
1777024238.11,-22.95,0.02,-0.00,-0.23,0.97,-26.08,-26.08
1777024238.21,-22.95,0.02,-0.00,-0.23,0.97,-26.08,-26.08
1777024238.31,-22.95,0.02,-0.00,-0.23,0.97,-26.08,-26.08
1777024238.41,-22.95,0.02,-0.00,-0.23,0.97,-26.08,-26.08
1777024238.51,-22.95,0.02,-0.00,-0.23,0.97,-26.08,-26.08
1777024238.61,-22.95,0.02,-0.00,-0.23,0.97,-26.08,-26.08
1777024238.71,-22.95,0.02,-0.00,-0.23,0.97,-26.08,-26.08
1777024238.81,-22.95,0.02,-0.00,-0.23,0.97,-26.08,-26.08
1777024238.91,-22.95,0.02,-0.00,-0.23,0.97,-26.08,-26.08
1777024239.01,-22.95,0.02,-0.00,-0.23,0.97,-26.08,-26.08
1777024239.11,-22.95,0.02,-0.00,-0.23,0.97,-26.08,-26.08
1777024239.21,-22.95,0.02,-0.00,-0.23,0.97,-26.08,-26.08
1777024239.31,-22.95,0.02,-0.00,-0.23,0.97,-26.08,-26.08
1777024239.41,-22.95,0.02,-0.00,-0.23,0.97,-26.08,-26.08
1777024239.51,-22.95,0.02,-0.00,-0.23,0.97,-26.08,-26.08
1777024239.61,-22.95,0.02,-0.00,-0.23,0.97,-26.08,-26.08
1777024239.71,-22.95,0.02,-0.00,-0.23,0.97,-26.08,-26.08
1777024239.81,-22.95,0.02,-0.00,-0.23,0.97,-26.08,-26.08
1777024239.91,-23.01,0.02,-0.00,-0.23,0.97,-26.08,-26.08
1777024240.01,-23.07,0.02,-0.00,-0.23,0.97,-26.08,-26.08
1777024240.11,-23.12,0.02,-0.00,-0.23,0.97,-26.08,-26.08
1777024240.21,-23.18,0.02,-0.00,-0.23,0.97,-26.08,-26.08
1777024240.31,-23.21,0.02,-0.00,-0.23,0.97,-26.08,-26.08
1777024240.41,-23.21,0.02,-0.00,-0.23,0.97,-26.08,-26.08
1777024240.51,-23.21,0.02,-0.00,-0.23,0.97,-26.08,-26.08
1777024240.61,-23.21,0.02,-0.00,-0.23,0.97,-26.08,-26.08
1777024240.71,-23.21,0.02,-0.00,-0.23,0.97,-26.08,-26.08
1777024240.81,-23.21,0.02,-0.00,-0.23,0.97,-26.08,-26.08
1777024240.91,-23.21,0.02,-0.00,-0.23,0.97,-26.08,-26.08
1777024241.01,-23.21,0.02,-0.00,-0.23,0.97,-26.08,-26.08
1777024241.11,-23.21,0.02,-0.00,-0.23,0.97,-26.08,-26.08
1777024241.21,-23.21,0.02,-0.00,-0.23,0.97,-26.08,-26.08
1777024241.31,-23.21,0.02,-0.00,-0.23,0.97,-26.08,-26.08
1777024241.41,-23.21,0.02,-0.00,-0.23,0.97,-26.08,-26.08
1777024241.51,-23.21,0.02,-0.00,-0.23,0.97,-26.08,-26.08
1777024241.61,-23.21,0.02,-0.00,-0.23,0.97,-26.08,-26.08
1777024241.71,-23.21,0.02,-0.00,-0.23,0.97,-26.08,-26.08
1777024241.81,-23.21,0.02,-0.00,-0.23,0.97,-26.08,-26.08
1777024241.91,-23.21,0.02,-0.00,-0.23,0.97,-26.08,-26.08
1777024242.01,-23.21,0.02,-0.00,-0.23,0.97,-26.08,-26.08
1777024242.11,-23.21,0.02,-0.00,-0.23,0.97,-26.08,-26.08
1777024242.21,-23.21,0.02,-0.00,-0.23,0.97,-26.08,-26.08
1777024242.31,-23.21,0.02,-0.00,-0.23,0.97,-26.08,-26.08
1777024242.41,-23.24,0.02,-0.00,-0.23,0.97,-26.08,-26.08
1777024242.51,-23.30,0.02,-0.00,-0.23,0.97,-26.08,-26.08
1777024242.61,-23.36,0.02,-0.00,-0.23,0.97,-26.08,-26.08
1777024242.71,-23.41,0.02,-0.00,-0.23,0.97,-26.08,-26.08
1777024242.81,-23.47,0.02,-0.00,-0.23,0.97,-26.08,-26.08
1777024242.91,-23.47,0.02,-0.00,-0.23,0.97,-26.08,-26.08
1777024243.01,-23.47,0.02,-0.00,-0.23,0.97,-26.08,-26.08
1777024243.11,-23.47,0.02,-0.00,-0.23,0.97,-26.08,-26.08
1777024243.21,-23.47,0.02,-0.00,-0.23,0.97,-26.08,-26.08
1777024243.31,-23.47,0.02,-0.00,-0.23,0.97,-26.08,-26.08
1777024243.41,-23.47,0.02,-0.00,-0.23,0.97,-26.08,-26.08
1777024243.51,-23.47,0.02,-0.00,-0.23,0.97,-26.08,-26.08
1777024243.61,-23.47,0.02,-0.00,-0.23,0.97,-26.08,-26.08
1777024243.71,-23.47,0.02,-0.00,-0.23,0.97,-26.08,-26.08
1777024243.81,-23.47,0.02,-0.00,-0.23,0.97,-26.08,-26.08
1777024243.91,-23.47,0.02,-0.00,-0.23,0.97,-26.08,-26.08
1777024244.01,-23.47,0.02,-0.00,-0.23,0.97,-26.08,-26.08
1777024244.11,-23.47,0.02,-0.00,-0.23,0.97,-26.08,-26.08
1777024244.21,-23.47,0.02,-0.00,-0.23,0.97,-26.08,-26.08
1777024244.31,-23.47,0.02,-0.00,-0.23,0.97,-26.08,-26.08
1777024244.41,-23.47,0.02,-0.00,-0.23,0.97,-26.08,-26.08
1777024244.51,-23.47,0.02,-0.00,-0.23,0.97,-26.08,-26.08
1777024244.61,-23.47,0.02,-0.00,-0.23,0.97,-26.08,-26.08
1777024244.71,-23.47,0.02,-0.00,-0.23,0.97,-26.08,-26.08
1777024244.81,-23.36,0.02,-0.00,-0.23,0.97,-26.08,-26.08
1777024244.91,-23.27,0.02,-0.00,-0.23,0.97,-26.08,-26.08
1777024245.01,-23.21,0.02,-0.00,-0.23,0.97,-26.08,-26.08
1777024245.11,-23.18,0.02,-0.00,-0.23,0.97,-26.08,-26.08
1777024245.21,-23.18,0.02,-0.00,-0.23,0.97,-26.08,-26.08
1777024245.31,-23.18,0.02,-0.00,-0.23,0.97,-26.08,-26.08
1777024245.41,-23.18,0.02,-0.00,-0.23,0.97,-26.08,-26.08
1777024245.51,-23.18,0.02,-0.00,-0.23,0.97,-26.08,-26.08
1777024245.61,-23.18,0.02,-0.00,-0.23,0.97,-26.08,-26.08
1777024245.71,-23.18,0.02,-0.00,-0.23,0.97,-26.08,-26.08
1777024245.81,-23.18,0.02,-0.00,-0.23,0.97,-26.08,-26.08
1777024245.91,-23.18,0.02,-0.00,-0.23,0.97,-26.12,-26.11
1777024246.01,-23.24,0.02,-0.00,-0.23,0.97,-26.26,-26.24
1777024246.11,-23.47,0.02,-0.00,-0.23,0.97,-26.54,-26.51
1777024246.21,-23.94,0.02,-0.00,-0.23,0.97,-27.03,-26.97
1777024246.31,-24.66,0.02,-0.00,-0.24,0.97,-27.77,-27.69
1777024246.41,-25.79,0.02,-0.00,-0.25,0.97,-28.74,-28.65
1777024246.51,-26.95,0.02,-0.00,-0.26,0.97,-29.89,-29.79
1777024246.61,-28.34,0.02,-0.00,-0.27,0.96,-31.44,-31.29
1777024246.71,-31.06,0.02,0.00,-0.29,0.96,-33.89,-33.62
1777024246.81,-35.00,0.02,0.00,-0.32,0.95,-37.73,-37.34
1777024246.91,-39.81,0.02,0.00,-0.36,0.93,-42.50,-42.07
1777024247.01,-44.56,0.02,0.00,-0.40,0.92,-47.27,-46.94
1777024247.11,-48.68,0.01,-0.00,-0.43,0.90,-51.13,-50.89
1777024247.21,-52.79,0.01,-0.01,-0.45,0.89,-53.77,-53.70
1777024247.31,-56.91,0.01,-0.01,-0.46,0.89,-55.36,-55.37
1777024247.41,-61.02,0.01,-0.01,-0.47,0.88,-56.05,-56.09
1777024247.51,-63.16,0.01,-0.01,-0.47,0.88,-56.19,-56.27
1777024247.61,-63.34,0.01,-0.01,-0.47,0.88,-56.14,-56.24
1777024247.71,-63.34,0.01,-0.01,-0.47,0.88,-56.13,-56.20
1777024247.81,-63.28,0.01,-0.01,-0.47,0.88,-56.13,-56.21
1777024247.91,-63.51,0.01,-0.01,-0.47,0.88,-56.35,-56.42
1777024248.01,-64.15,0.01,-0.01,-0.48,0.88,-56.97,-56.96
1777024248.11,-65.25,0.01,-0.01,-0.49,0.87,-58.15,-58.08
1777024248.21,-66.62,0.01,-0.01,-0.50,0.87,-59.61,-59.56
1777024248.31,-68.23,0.01,-0.01,-0.51,0.86,-61.20,-61.11
1777024248.41,-69.97,0.01,-0.01,-0.52,0.85,-62.96,-62.86
1777024248.51,-71.49,0.01,-0.01,-0.53,0.85,-64.54,-64.50
1777024248.61,-72.90,0.01,-0.01,-0.54,0.84,-65.57,-65.57
1777024248.71,-74.32,0.01,-0.01,-0.55,0.84,-66.08,-66.15
1777024248.81,-74.49,0.01,-0.01,-0.55,0.84,-66.16,-66.24
1777024248.91,-74.66,0.01,-0.01,-0.55,0.84,-66.07,-66.14
1777024249.01,-74.87,0.01,-0.01,-0.55,0.84,-66.23,-66.27
1777024249.11,-75.39,0.01,-0.01,-0.55,0.84,-66.73,-66.72
1777024249.21,-76.66,0.01,-0.01,-0.56,0.83,-68.01,-67.91
1777024249.31,-78.92,0.01,-0.01,-0.58,0.82,-70.40,-70.18
1777024249.41,-82.17,0.01,-0.01,-0.60,0.80,-73.63,-73.36
1777024249.51,-85.59,0.01,-0.01,-0.62,0.78,-76.97,-76.74
1777024249.61,-88.62,0.01,-0.01,-0.64,0.77,-79.85,-79.71
1777024249.71,-90.84,0.01,-0.01,-0.66,0.76,-81.86,-81.82
1777024249.81,-93.10,0.01,-0.01,-0.66,0.75,-82.89,-82.93
1777024249.91,-95.36,0.01,-0.01,-0.66,0.75,-83.28,-83.36
1777024250.01,-96.49,0.01,-0.01,-0.66,0.75,-83.25,-83.36
1777024250.11,-96.49,0.01,-0.01,-0.66,0.75,-83.16,-83.25
1777024250.21,-96.43,0.01,-0.01,-0.66,0.75,-83.23,-83.29
1777024250.31,-96.43,0.01,-0.01,-0.67,0.75,-83.46,-83.50
1777024250.41,-96.43,0.01,-0.01,-0.67,0.74,-83.97,-83.97
1777024250.51,-97.24,0.01,-0.01,-0.67,0.74,-84.82,-84.81
1777024250.61,-98.05,0.01,-0.01,-0.68,0.73,-85.58,-85.61
1777024250.71,-98.86,0.01,-0.01,-0.68,0.73,-85.98,-86.04
1777024250.81,-99.30,0.01,-0.01,-0.68,0.73,-86.11,-86.18
1777024250.91,-99.30,0.01,-0.01,-0.68,0.73,-86.08,-86.14
1777024251.01,-99.24,0.01,-0.01,-0.68,0.73,-86.08,-86.14
1777024251.11,-99.21,0.01,-0.01,-0.68,0.73,-86.08,-86.14
1777024251.21,-99.21,0.01,-0.01,-0.68,0.73,-85.96,-86.02
1777024251.31,-99.21,0.01,-0.01,-0.68,0.73,-85.72,-85.83
1777024251.41,-99.04,0.01,-0.01,-0.68,0.73,-85.44,-85.52
1777024251.51,-98.69,0.01,-0.01,-0.68,0.73,-85.42,-85.45
1777024251.61,-98.34,0.01,-0.01,-0.68,0.73,-85.49,-85.53
1777024251.71,-98.20,0.01,-0.01,-0.68,0.73,-85.49,-85.53
1777024251.81,-98.26,0.01,-0.01,-0.68,0.73,-85.67,-85.65
1777024251.91,-98.43,0.01,-0.01,-0.68,0.73,-85.86,-85.86
1777024252.01,-98.60,0.01,-0.01,-0.68,0.73,-86.11,-86.06
1777024252.11,-98.78,0.01,-0.01,-0.69,0.73,-86.82,-86.68
1777024252.21,-99.71,0.01,-0.01,-0.69,0.72,-87.72,-87.62
1777024252.31,-100.63,0.01,-0.01,-0.70,0.72,-88.62,-88.54
1777024252.41,-101.27,0.01,-0.01,-0.70,0.71,-89.20,-89.13
1777024252.51,-101.85,0.01,-0.01,-0.71,0.71,-89.85,-89.81
1777024252.61,-102.54,0.01,-0.01,-0.71,0.70,-90.66,-90.53
1777024252.71,-103.27,0.01,-0.01,-0.72,0.70,-91.36,-91.29
1777024252.81,-103.91,0.00,-0.01,-0.72,0.70,-91.92,-91.85
1777024252.91,-104.37,0.00,-0.02,-0.72,0.69,-92.51,-92.43
1777024253.01,-104.98,0.00,-0.02,-0.73,0.69,-93.10,-93.09
1777024253.11,-105.50,0.00,-0.02,-0.73,0.68,-93.58,-93.59
1777024253.21,-105.62,0.00,-0.02,-0.73,0.68,-93.70,-93.75
1777024253.31,-105.59,0.00,-0.02,-0.73,0.68,-93.70,-93.72
1777024253.41,-105.88,0.00,-0.02,-0.73,0.68,-94.09,-94.08
1777024253.51,-106.86,0.00,-0.02,-0.74,0.67,-95.10,-95.01
1777024253.61,-108.89,0.01,-0.01,-0.75,0.66,-97.04,-96.85
1777024253.71,-111.96,0.01,-0.01,-0.77,0.64,-100.02,-99.73
1777024253.81,-115.96,0.01,-0.01,-0.79,0.62,-104.05,-103.69
1777024253.91,-120.48,0.01,-0.01,-0.81,0.58,-108.46,-108.12
1777024254.01,-124.71,0.01,-0.01,-0.83,0.56,-112.45,-112.20
1777024254.11,-128.13,0.01,-0.01,-0.85,0.53,-115.62,-115.47
1777024254.21,-130.79,0.00,-0.01,-0.86,0.52,-117.79,-117.74
1777024254.31,-133.46,0.00,-0.01,-0.86,0.51,-119.05,-119.08
1777024254.41,-136.12,0.00,-0.01,-0.86,0.50,-119.65,-119.73
1777024254.51,-137.54,0.00,-0.01,-0.87,0.50,-119.84,-119.94
1777024254.61,-137.54,0.00,-0.01,-0.87,0.50,-119.96,-120.09
1777024254.71,-137.66,-0.00,-0.01,-0.87,0.50,-120.04,-120.13
1777024254.81,-137.92,-0.01,-0.02,-0.87,0.50,-120.23,-120.28
1777024254.91,-138.33,-0.01,-0.02,-0.87,0.50,-120.62,-120.66
1777024255.01,-138.88,-0.01,-0.01,-0.87,0.49,-121.14,-121.18
1777024255.11,-139.28,-0.01,-0.02,-0.87,0.49,-121.66,-121.71
1777024255.21,-139.63,-0.01,-0.02,-0.87,0.48,-122.10,-122.13
1777024255.31,-140.18,-0.01,-0.02,-0.88,0.48,-122.57,-122.60
1777024255.41,-140.41,-0.00,-0.02,-0.88,0.48,-122.92,-122.96
1777024255.51,-140.70,-0.00,-0.02,-0.88,0.48,-123.26,-123.31
1777024255.61,-140.99,-0.00,-0.02,-0.88,0.47,-123.55,-123.59
1777024255.71,-141.34,-0.00,-0.02,-0.88,0.47,-123.85,-123.89
1777024255.81,-141.69,-0.00,-0.02,-0.88,0.47,-124.20,-124.23
1777024255.91,-142.21,-0.00,-0.02,-0.89,0.46,-124.64,-124.65
1777024256.01,-142.85,-0.00,-0.02,-0.89,0.46,-125.27,-125.27
1777024256.11,-143.43,-0.00,-0.02,-0.89,0.45,-125.98,-125.97
1777024256.21,-144.09,-0.00,-0.02,-0.89,0.45,-126.82,-126.80
1777024256.31,-145.13,-0.00,-0.02,-0.90,0.44,-127.73,-127.70
1777024256.41,-146.24,-0.00,-0.02,-0.90,0.43,-128.73,-128.68
1777024256.51,-147.31,-0.00,-0.02,-0.91,0.42,-129.88,-129.82
1777024256.61,-148.55,-0.00,-0.02,-0.91,0.41,-131.18,-131.12
1777024256.71,-150.06,-0.00,-0.02,-0.92,0.40,-132.71,-132.58
1777024256.81,-151.83,-0.00,-0.02,-0.92,0.39,-134.72,-134.57
1777024256.91,-154.75,-0.00,-0.02,-0.93,0.36,-137.61,-137.34
1777024257.01,-158.75,-0.00,-0.02,-0.94,0.33,-141.61,-141.26
1777024257.11,-164.10,-0.01,-0.02,-0.96,0.28,-146.92,-146.45
1777024257.21,-170.82,-0.01,-0.02,-0.97,0.23,-153.45,-152.90
1777024257.31,-178.47,-0.01,-0.02,-0.99,0.17,-160.94,-160.34
1777024257.41,173.59,-0.01,-0.01,-1.00,0.10,-168.81,-168.23
1777024257.51,166.00,-0.01,-0.01,-1.00,0.03,-176.37,-175.87
1777024257.61,158.87,-0.01,-0.01,-1.00,-0.03,176.62,177.05
1777024257.71,152.04,-0.01,-0.01,-1.00,-0.09,170.03,170.39
1777024257.81,146.13,-0.01,-0.01,-0.99,-0.14,164.17,164.44
1777024257.91,141.31,-0.01,-0.01,-0.98,-0.18,159.39,159.50
1777024258.01,137.52,-0.01,-0.01,-0.98,-0.21,155.80,155.77
1777024258.11,135.00,-0.01,-0.01,-0.97,-0.23,153.27,153.16
1777024258.21,133.03,-0.01,-0.01,-0.97,-0.25,151.36,151.25
1777024258.31,131.44,-0.01,-0.01,-0.97,-0.26,149.78,149.71
1777024258.41,129.93,-0.01,-0.01,-0.96,-0.27,148.27,148.15
1777024258.51,128.48,-0.01,-0.01,-0.96,-0.29,146.81,146.71
1777024258.61,126.95,-0.01,-0.01,-0.95,-0.30,145.34,145.39
1777024258.71,125.44,-0.01,-0.01,-0.95,-0.31,143.81,143.72
1777024258.81,123.93,-0.01,-0.01,-0.95,-0.32,142.29,142.20
1777024258.91,122.31,-0.01,-0.01,-0.94,-0.33,140.84,140.76
1777024259.01,120.95,-0.01,-0.01,-0.94,-0.35,139.26,139.19
1777024259.11,119.33,-0.02,-0.01,-0.93,-0.36,137.51,137.61
1777024259.21,117.88,-0.02,-0.01,-0.93,-0.37,135.97,136.12
1777024259.31,116.54,-0.02,-0.01,-0.92,-0.39,134.61,134.65
1777024259.41,115.56,-0.02,-0.01,-0.92,-0.39,133.53,133.50
1777024259.51,115.04,-0.02,-0.01,-0.92,-0.40,132.84,132.77
1777024259.61,114.89,-0.02,-0.01,-0.92,-0.40,132.51,132.30
1777024259.71,115.01,-0.01,-0.01,-0.92,-0.40,132.56,132.36
1777024259.81,115.30,-0.02,-0.01,-0.92,-0.40,132.76,132.57
1777024259.91,115.99,-0.02,-0.01,-0.92,-0.40,133.34,133.07
1777024260.01,116.75,-0.02,-0.01,-0.92,-0.39,133.98,133.77
1777024260.11,117.70,-0.02,-0.01,-0.92,-0.38,134.88,134.58
1777024260.21,118.72,-0.02,-0.01,-0.93,-0.38,135.71,135.43
1777024260.31,119.70,-0.02,-0.01,-0.93,-0.37,136.55,136.27
1777024260.41,120.57,-0.01,-0.01,-0.93,-0.36,137.35,137.11
1777024260.51,121.38,-0.01,-0.01,-0.93,-0.36,138.02,137.87
1777024260.61,122.25,-0.01,-0.01,-0.94,-0.35,138.75,138.55
1777024260.71,123.01,-0.01,-0.01,-0.94,-0.35,139.36,139.19
1777024260.81,123.32,-0.01,-0.01,-0.94,-0.34,139.82,139.67
1777024260.91,123.61,-0.01,-0.01,-0.94,-0.34,140.10,140.00
1777024261.01,123.96,-0.01,-0.01,-0.94,-0.34,140.32,140.23
1777024261.11,124.08,-0.01,-0.01,-0.94,-0.34,140.38,140.32
1777024261.21,124.31,-0.01,-0.01,-0.94,-0.34,140.46,140.44
1777024261.31,124.51,-0.01,-0.01,-0.94,-0.34,140.50,140.46
1777024261.41,124.43,-0.01,-0.01,-0.94,-0.34,140.41,140.40
1777024261.51,124.43,-0.01,-0.01,-0.94,-0.34,140.44,140.37
1777024261.61,124.92,-0.01,-0.01,-0.94,-0.34,140.82,140.66
1777024261.71,126.02,-0.01,-0.01,-0.94,-0.33,141.79,141.54
1777024261.81,127.29,-0.01,-0.01,-0.95,-0.32,143.23,142.91
1777024261.91,128.86,-0.01,-0.01,-0.95,-0.30,144.74,144.73
1777024262.01,130.71,-0.01,-0.01,-0.96,-0.29,146.73,146.38
1777024262.11,132.57,-0.01,-0.01,-0.96,-0.27,148.23,148.08
1777024262.21,134.48,-0.01,-0.01,-0.97,-0.26,149.93,149.63
1777024262.31,136.30,-0.01,-0.01,-0.97,-0.25,151.44,151.27
1777024262.41,137.87,-0.01,-0.01,-0.97,-0.23,153.29,152.99
1777024262.51,139.35,-0.01,-0.01,-0.98,-0.22,154.70,154.48
1777024262.61,140.53,-0.01,-0.01,-0.98,-0.21,155.72,155.59
1777024262.71,141.40,-0.01,-0.01,-0.98,-0.21,156.31,156.25
1777024262.81,141.84,-0.01,-0.01,-0.98,-0.20,156.69,156.66
1777024262.91,142.19,-0.01,-0.01,-0.98,-0.20,157.00,156.97
1777024263.01,142.42,-0.01,-0.01,-0.98,-0.20,157.22,157.22
1777024263.11,142.56,-0.01,-0.01,-0.98,-0.20,157.30,157.32
1777024263.21,142.71,-0.01,-0.01,-0.98,-0.20,157.36,157.37
1777024263.31,142.76,-0.00,-0.01,-0.98,-0.20,157.40,157.41
1777024263.41,142.82,0.00,-0.01,-0.98,-0.19,157.65,157.60
1777024263.51,143.46,0.00,-0.01,-0.98,-0.19,158.50,158.28
1777024263.61,145.37,-0.00,-0.01,-0.99,-0.17,160.50,160.02
1777024263.71,148.63,-0.01,-0.01,-0.99,-0.14,164.03,163.21
1777024263.81,154.62,-0.01,-0.01,-1.00,-0.09,169.77,168.50
1777024263.91,162.77,-0.01,-0.01,-1.00,-0.02,177.73,176.09
1777024264.01,171.98,-0.01,-0.01,-1.00,0.06,-173.03,-174.80
1777024264.11,-178.63,-0.01,-0.01,-0.99,0.14,-163.73,-165.38
1777024264.21,-170.00,-0.01,-0.01,-0.98,0.21,-155.29,-156.70
1777024264.31,-162.79,-0.00,-0.01,-0.96,0.27,-148.27,-149.37
1777024264.41,-156.70,-0.00,-0.01,-0.95,0.32,-142.34,-143.25
1777024264.51,-150.78,-0.00,-0.01,-0.93,0.37,-136.60,-137.54
1777024264.61,-144.91,-0.00,-0.02,-0.91,0.41,-131.45,-131.77
1777024264.71,-139.55,-0.00,-0.02,-0.89,0.46,-125.84,-126.50
1777024264.81,-134.68,0.00,-0.02,-0.87,0.48,-122.08,-122.22
1777024264.91,-130.83,0.00,-0.02,-0.86,0.51,-118.15,-118.63
1777024265.01,-127.61,0.00,-0.02,-0.84,0.54,-114.90,-115.34
1777024265.11,-124.37,0.00,-0.02,-0.83,0.56,-111.75,-112.11
1777024265.21,-121.12,0.00,-0.02,-0.81,0.58,-108.60,-108.97
1777024265.31,-117.94,0.00,-0.02,-0.80,0.60,-105.56,-105.91
1777024265.41,-115.21,0.00,-0.02,-0.78,0.62,-102.96,-103.19
1777024265.51,-113.18,0.00,-0.02,-0.77,0.64,-100.95,-101.05
1777024265.61,-112.14,0.00,-0.02,-0.76,0.64,-99.74,-99.70
1777024265.71,-111.50,-0.00,-0.02,-0.76,0.65,-99.26,-99.09
1777024265.81,-111.33,-0.00,-0.02,-0.76,0.65,-99.56,-99.27
1777024265.91,-112.22,-0.00,-0.02,-0.77,0.64,-100.36,-99.99
1777024266.01,-113.21,-0.00,-0.02,-0.77,0.63,-101.23,-100.88
1777024266.11,-113.82,0.00,-0.02,-0.78,0.63,-101.75,-101.51
1777024266.21,-113.37,0.00,-0.02,-0.77,0.63,-101.65,-101.58
1777024266.31,-112.59,0.00,-0.02,-0.77,0.64,-100.59,-100.73
1777024266.41,-111.07,0.00,-0.02,-0.76,0.65,-98.56,-98.87
1777024266.51,-108.20,0.00,-0.02,-0.74,0.67,-95.73,-96.19
1777024266.61,-105.19,0.00,-0.02,-0.72,0.69,-92.33,-92.87
1777024266.71,-101.71,0.01,-0.02,-0.70,0.72,-88.53,-88.76
1777024266.81,-97.49,0.01,-0.02,-0.67,0.74,-84.29,-84.56
1777024266.91,-93.14,0.01,-0.02,-0.64,0.77,-79.66,-80.04
1777024267.01,-88.24,0.01,-0.02,-0.60,0.80,-74.45,-74.80
1777024267.11,-82.76,0.01,-0.02,-0.57,0.82,-68.87,-69.08
1777024267.21,-77.20,0.01,-0.02,-0.53,0.85,-63.45,-63.74
1777024267.31,-72.16,0.01,-0.02,-0.49,0.87,-58.59,-58.80
1777024267.41,-68.25,0.01,-0.02,-0.46,0.89,-54.75,-54.82
1777024267.51,-65.18,0.01,-0.02,-0.44,0.90,-52.41,-52.32
1777024267.61,-63.48,0.01,-0.02,-0.44,0.90,-51.87,-51.61
1777024267.71,-64.11,0.01,-0.02,-0.45,0.90,-52.92,-52.54
1777024267.81,-65.67,0.01,-0.02,-0.46,0.89,-55.02,-54.60
1777024267.91,-67.87,0.01,-0.02,-0.48,0.88,-57.72,-57.26
1777024268.01,-70.74,0.01,-0.02,-0.50,0.86,-60.67,-60.22
1777024268.11,-73.64,0.01,-0.02,-0.53,0.85,-63.67,-63.24
1777024268.21,-76.42,0.01,-0.02,-0.55,0.84,-66.57,-66.17
1777024268.31,-79.12,0.01,-0.02,-0.57,0.82,-69.26,-68.91
1777024268.41,-81.84,0.01,-0.02,-0.59,0.81,-71.64,-71.34
1777024268.51,-84.07,0.01,-0.02,-0.60,0.80,-73.70,-73.45
1777024268.61,-85.64,0.01,-0.02,-0.61,0.79,-75.43,-75.22
1777024268.71,-87.03,0.01,-0.02,-0.62,0.78,-76.94,-76.75
1777024268.81,-88.56,0.01,-0.02,-0.63,0.77,-78.59,-78.38
1777024268.91,-90.36,0.01,-0.02,-0.65,0.76,-80.54,-80.32
1777024269.01,-92.27,0.01,-0.02,-0.66,0.75,-82.59,-82.39
1777024269.11,-94.15,0.01,-0.02,-0.67,0.74,-84.52,-84.33
1777024269.21,-95.83,0.01,-0.02,-0.68,0.73,-86.14,-86.01
1777024269.31,-97.34,0.01,-0.02,-0.69,0.72,-87.38,-87.28
1777024269.41,-98.44,0.01,-0.02,-0.70,0.72,-88.21,-88.16
1777024269.51,-98.96,0.01,-0.02,-0.70,0.72,-88.69,-88.68
1777024269.61,-99.31,0.01,-0.02,-0.70,0.71,-88.78,-88.80
1777024269.71,-99.45,0.01,-0.02,-0.70,0.72,-88.64,-88.70
1777024269.81,-99.05,0.01,-0.02,-0.70,0.72,-88.16,-88.22
1777024269.91,-98.30,0.01,-0.02,-0.69,0.72,-87.49,-87.55
1777024270.01,-97.72,0.01,-0.02,-0.69,0.73,-86.94,-86.99
1777024270.11,-97.60,0.01,-0.02,-0.69,0.73,-86.79,-86.78
1777024270.21,-97.77,0.01,-0.02,-0.69,0.72,-87.41,-87.30
1777024270.31,-98.76,0.01,-0.02,-0.70,0.71,-89.08,-88.88
1777024270.41,-101.22,0.01,-0.02,-0.72,0.70,-91.76,-91.48
1777024270.51,-104.35,0.01,-0.02,-0.74,0.67,-95.17,-94.85
1777024270.61,-107.80,0.00,-0.02,-0.76,0.65,-98.89,-98.57
1777024270.71,-111.48,0.00,-0.02,-0.78,0.63,-102.47,-102.20
1777024270.81,-115.07,0.00,-0.02,-0.80,0.60,-105.69,-105.45
1777024270.91,-118.37,0.00,-0.01,-0.81,0.58,-108.80,-108.59
1777024271.01,-121.47,0.00,-0.01,-0.83,0.56,-112.09,-111.84
1777024271.11,-124.66,0.00,-0.01,-0.85,0.53,-115.65,-115.40
1777024271.21,-128.43,0.00,-0.01,-0.86,0.50,-119.76,-119.45
1777024271.31,-133.24,0.00,-0.01,-0.89,0.46,-124.63,-124.26
1777024271.41,-138.51,0.00,-0.01,-0.91,0.42,-130.38,-129.94
1777024271.51,-144.22,-0.00,-0.01,-0.93,0.37,-136.58,-136.13
1777024271.61,-150.48,-0.00,-0.01,-0.95,0.32,-142.88,-142.46
1777024271.71,-156.87,-0.00,-0.01,-0.96,0.27,-148.88,-148.36
1777024271.81,-162.53,-0.00,-0.01,-0.98,0.22,-154.67,-153.92
1777024271.91,-167.00,-0.00,-0.01,-0.98,0.18,-158.98,-158.45
1777024272.01,-170.93,-0.00,-0.01,-0.99,0.16,-161.93,-161.91
1777024272.11,-173.86,-0.00,-0.01,-0.99,0.14,-164.19,-164.26
1777024272.21,-175.07,-0.00,-0.01,-0.99,0.13,-165.47,-165.63
1777024272.31,-175.60,-0.00,-0.01,-0.99,0.12,-165.83,-166.05
1777024272.41,-175.51,-0.00,-0.01,-0.99,0.13,-165.41,-165.74
1777024272.51,-174.55,-0.00,-0.01,-0.99,0.13,-164.58,-164.90
1777024272.61,-173.34,-0.00,-0.01,-0.99,0.15,-163.02,-163.50
1777024272.71,-171.77,-0.00,-0.01,-0.99,0.16,-161.30,-161.83
1777024272.81,-169.89,-0.00,-0.01,-0.98,0.18,-159.46,-159.97
1777024272.91,-168.03,-0.00,-0.01,-0.98,0.19,-157.62,-158.11
1777024273.01,-166.20,-0.00,-0.01,-0.98,0.21,-155.88,-156.33
1777024273.11,-164.64,-0.00,-0.01,-0.98,0.22,-154.41,-154.77
1777024273.21,-163.31,-0.00,-0.01,-0.97,0.23,-153.44,-153.67
1777024273.31,-162.47,-0.00,-0.01,-0.97,0.23,-152.96,-153.12
1777024273.41,-162.24,-0.00,-0.01,-0.97,0.24,-152.79,-152.88
1777024273.51,-162.12,-0.00,-0.01,-0.97,0.24,-152.76,-152.83
1777024273.61,-162.01,-0.00,-0.01,-0.97,0.23,-152.89,-152.93
1777024273.71,-162.07,-0.00,-0.01,-0.97,0.23,-153.12,-153.15
1777024273.81,-162.30,-0.00,-0.01,-0.97,0.23,-153.45,-153.42
1777024273.91,-162.76,-0.00,-0.01,-0.97,0.22,-154.24,-154.08
1777024274.01,-163.86,-0.00,-0.01,-0.98,0.21,-155.70,-155.38
1777024274.11,-165.37,-0.00,-0.01,-0.98,0.19,-158.14,-157.64
1777024274.21,-167.99,-0.00,-0.01,-0.99,0.16,-161.74,-161.02
1777024274.31,-172.06,-0.00,-0.01,-0.99,0.12,-166.22,-165.37
1777024274.41,-176.52,-0.00,-0.01,-1.00,0.08,-171.15,-170.23
1777024274.51,178.75,-0.00,-0.01,-1.00,0.03,-176.20,-175.33
1777024274.61,173.82,-0.00,-0.01,-1.00,-0.01,179.09,179.92
1777024274.71,168.96,-0.00,-0.01,-1.00,-0.04,175.25,175.79
1777024274.81,165.31,-0.00,-0.01,-1.00,-0.06,172.60,172.83
1777024274.91,163.72,-0.00,-0.01,-1.00,-0.08,171.32,171.32
1777024275.01,162.96,-0.01,-0.01,-1.00,-0.08,171.15,170.99
1777024275.11,163.02,-0.01,-0.01,-1.00,-0.07,171.76,171.48
1777024275.21,164.09,-0.01,-0.01,-1.00,-0.06,172.67,172.42
1777024275.31,165.37,-0.01,-0.01,-1.00,-0.05,174.06,173.67
1777024275.41,166.88,-0.01,-0.01,-1.00,-0.04,175.48,175.09
1777024275.51,168.64,-0.01,-0.01,-1.00,-0.03,176.90,176.53
1777024275.61,170.44,-0.01,-0.01,-1.00,-0.01,178.32,177.95
1777024275.71,172.03,-0.00,-0.01,-1.00,-0.00,179.67,179.32
1777024275.81,173.36,-0.00,-0.01,-1.00,0.01,-179.03,-179.35
1777024275.91,174.70,-0.00,-0.01,-1.00,0.02,-177.84,-178.12
1777024276.01,175.94,-0.00,-0.01,-1.00,0.03,-176.76,-177.01
1777024276.11,177.02,-0.00,-0.01,-1.00,0.04,-175.81,-176.04
1777024276.21,177.94,-0.01,-0.01,-1.00,0.04,-175.04,-175.20
1777024276.31,178.87,-0.01,-0.01,-1.00,0.05,-174.51,-174.61
1777024276.41,179.28,-0.01,-0.01,-1.00,0.05,-174.23,-174.29
1777024276.51,179.39,-0.01,-0.01,-1.00,0.05,-174.19,-174.19
1777024276.61,179.45,-0.01,-0.01,-1.00,0.05,-174.38,-174.35
1777024276.71,179.28,-0.01,-0.01,-1.00,0.05,-174.69,-174.64
1777024276.81,178.81,-0.01,-0.01,-1.00,0.04,-175.05,-175.01
1777024276.91,178.43,-0.01,-0.01,-1.00,0.04,-175.50,-175.41
1777024277.01,178.12,-0.01,-0.01,-1.00,0.03,-176.02,-175.93
1777024277.11,177.65,-0.01,-0.01,-1.00,0.03,-176.57,-176.48
1777024277.21,177.16,-0.01,-0.01,-1.00,0.03,-177.12,-177.04
1777024277.31,176.64,-0.01,-0.01,-1.00,0.02,-177.66,-177.58
1777024277.41,176.18,-0.01,-0.01,-1.00,0.02,-178.19,-178.14
1777024277.51,175.91,-0.01,-0.01,-1.00,0.01,-178.70,-178.65
1777024277.61,175.62,-0.01,-0.01,-1.00,0.01,-179.19,-179.13
1777024277.71,175.39,-0.00,-0.01,-1.00,0.00,-179.64,-179.60
1777024277.81,175.07,-0.00,-0.01,-1.00,-0.00,179.94,179.98
1777024277.91,174.70,-0.00,-0.01,-1.00,-0.00,179.56,179.59
1777024278.01,174.81,-0.00,-0.01,-1.00,-0.01,179.24,179.28
1777024278.11,174.76,-0.00,-0.01,-1.00,-0.01,178.95,178.97
1777024278.21,174.49,-0.00,-0.01,-1.00,-0.01,178.72,178.72
1777024278.31,174.38,-0.00,-0.01,-1.00,-0.01,178.56,178.57
1777024278.41,174.49,-0.00,-0.01,-1.00,-0.01,178.43,178.44
1777024278.51,174.58,-0.00,-0.01,-1.00,-0.02,178.27,178.27
1777024278.61,174.58,-0.00,-0.01,-1.00,-0.02,178.24,178.25
1777024278.71,174.61,-0.00,-0.01,-1.00,-0.02,178.24,178.23
1777024278.81,174.55,-0.00,-0.01,-1.00,-0.02,178.23,178.22
1777024278.91,174.38,-0.00,-0.01,-1.00,-0.02,177.88,177.94
1777024279.01,173.77,-0.01,-0.01,-1.00,-0.03,176.96,177.19
1777024279.11,172.18,-0.01,-0.01,-1.00,-0.04,175.11,175.33
1777024279.21,170.03,-0.01,-0.01,-1.00,-0.07,172.16,172.81
1777024279.31,165.89,-0.01,-0.01,-0.99,-0.11,167.93,168.41
1777024279.41,160.80,-0.01,-0.01,-0.99,-0.15,162.63,163.19
1777024279.51,155.20,-0.01,-0.01,-0.98,-0.20,156.72,157.31
1777024279.61,149.36,-0.01,-0.01,-0.97,-0.25,150.62,151.22
1777024279.71,143.43,-0.01,-0.01,-0.95,-0.30,144.72,145.28
1777024279.81,137.66,-0.01,-0.00,-0.94,-0.34,139.79,139.69
1777024279.91,132.52,-0.01,-0.00,-0.92,-0.39,134.52,134.93
1777024280.01,128.63,-0.01,-0.00,-0.91,-0.42,130.78,131.10
1777024280.11,125.39,-0.01,-0.00,-0.90,-0.44,128.11,128.32
1777024280.21,123.10,-0.01,-0.01,-0.89,-0.45,126.67,126.64
1777024280.31,122.37,-0.01,-0.01,-0.89,-0.45,125.96,125.98
1777024280.41,122.26,-0.01,-0.01,-0.89,-0.45,126.19,126.12
1777024280.51,122.61,-0.01,-0.01,-0.89,-0.45,126.90,126.82
1777024280.61,123.45,-0.01,-0.01,-0.90,-0.44,127.65,127.58
1777024280.71,124.32,-0.01,-0.01,-0.90,-0.44,128.12,128.06
1777024280.81,124.84,-0.01,-0.01,-0.90,-0.44,128.34,128.31
1777024280.91,125.13,-0.01,-0.01,-0.90,-0.43,128.63,128.60
1777024281.01,125.53,-0.01,-0.01,-0.90,-0.43,129.05,128.99
1777024281.11,125.97,-0.01,-0.01,-0.90,-0.43,129.45,129.40
1777024281.21,126.37,-0.01,-0.01,-0.91,-0.42,129.78,129.64
1777024281.31,126.72,-0.01,-0.01,-0.91,-0.42,130.00,129.97
1777024281.41,126.89,-0.01,-0.01,-0.91,-0.42,130.12,130.12
1777024281.51,126.78,-0.01,-0.01,-0.91,-0.42,130.04,130.06
1777024281.61,126.55,-0.01,-0.01,-0.91,-0.42,129.93,129.94
1777024281.71,126.43,-0.00,-0.01,-0.91,-0.42,129.84,129.83
1777024281.81,126.43,0.00,-0.01,-0.91,-0.42,129.82,129.77
1777024281.91,126.26,0.00,-0.01,-0.91,-0.43,129.68,129.70
1777024282.01,125.88,0.00,-0.01,-0.90,-0.43,129.20,129.34
1777024282.11,125.30,0.01,-0.02,-0.90,-0.44,127.83,128.14
1777024282.21,124.72,0.01,-0.02,-0.89,-0.46,125.10,125.73
1777024282.31,120.40,0.01,-0.02,-0.87,-0.50,120.42,121.50
1777024282.41,114.38,0.01,-0.02,-0.84,-0.55,113.90,114.61
1777024282.51,107.31,0.01,-0.02,-0.80,-0.60,106.65,107.36
1777024282.61,100.27,0.01,-0.01,-0.76,-0.64,99.82,100.45
1777024282.71,93.83,0.00,-0.01,-0.73,-0.68,93.78,94.34
1777024282.81,87.95,0.00,-0.01,-0.70,-0.72,88.48,88.96
1777024282.91,82.70,0.00,-0.00,-0.67,-0.74,83.88,84.30
1777024283.01,78.26,-0.00,-0.00,-0.64,-0.77,79.70,80.32
1777024283.11,74.03,-0.00,0.00,-0.61,-0.79,75.62,76.01
1777024283.21,69.89,-0.00,0.00,-0.58,-0.81,71.57,72.16
1777024283.31,65.89,-0.01,0.00,-0.56,-0.83,67.63,68.00
1777024283.41,61.95,-0.01,0.00,-0.53,-0.85,63.79,64.16
1777024283.51,58.27,-0.01,0.01,-0.50,-0.87,60.14,60.61
1777024283.61,55.29,-0.01,0.01,-0.48,-0.88,57.08,57.14
1777024283.71,52.74,-0.01,0.01,-0.46,-0.89,54.88,55.04
1777024283.81,51.14,-0.01,0.01,-0.45,-0.89,53.86,53.89
1777024283.91,51.98,-0.01,0.01,-0.46,-0.89,54.29,54.15
1777024284.01,53.08,-0.01,0.01,-0.47,-0.88,56.30,55.87
1777024284.11,55.57,-0.01,0.01,-0.50,-0.87,59.84,59.41
1777024284.21,59.97,-0.01,0.01,-0.53,-0.85,64.35,63.75
1777024284.31,64.67,-0.01,0.01,-0.57,-0.82,69.22,68.73
1777024284.41,69.48,-0.01,0.01,-0.60,-0.80,73.96,73.43
1777024284.51,74.29,-0.01,0.01,-0.63,-0.78,78.19,77.79
1777024284.61,79.10,-0.00,0.01,-0.65,-0.76,81.74,81.38
1777024284.71,83.91,-0.00,0.00,-0.67,-0.74,84.61,84.35
1777024284.81,88.81,-0.01,0.00,-0.69,-0.73,86.51,86.49
1777024284.91,93.54,-0.01,0.00,-0.69,-0.72,88.03,87.93
1777024285.01,98.34,-0.01,0.00,-0.70,-0.71,88.77,88.72
1777024285.11,98.37,-0.01,0.00,-0.70,-0.71,88.90,88.92
1777024285.21,98.08,-0.01,0.00,-0.70,-0.72,88.60,88.60
1777024285.31,97.56,-0.01,0.00,-0.69,-0.72,87.68,87.78
1777024285.41,96.48,-0.01,0.01,-0.69,-0.73,86.50,86.63
1777024285.51,95.15,-0.01,0.01,-0.68,-0.74,85.10,85.24
1777024285.61,93.73,-0.01,0.01,-0.67,-0.75,83.63,83.76
1777024285.71,92.46,-0.01,0.01,-0.66,-0.75,82.15,82.29
1777024285.81,91.18,-0.01,0.01,-0.65,-0.76,80.73,80.86
1777024285.91,89.91,-0.01,0.01,-0.64,-0.77,79.39,79.48
1777024286.01,88.66,-0.01,0.01,-0.63,-0.78,78.15,78.23
1777024286.11,87.74,-0.01,0.01,-0.62,-0.78,77.07,77.14
1777024286.21,86.90,-0.01,0.01,-0.62,-0.79,76.07,76.18
1777024286.31,86.20,-0.01,0.01,-0.61,-0.79,75.24,75.31
1777024286.41,85.62,-0.01,0.01,-0.61,-0.80,74.59,74.64
1777024286.51,85.07,-0.01,0.01,-0.60,-0.80,74.16,74.19
1777024286.61,84.87,-0.01,0.01,-0.60,-0.80,73.91,73.93
1777024286.71,84.75,-0.01,0.01,-0.60,-0.80,73.90,73.85
1777024286.81,84.84,-0.01,0.01,-0.60,-0.80,73.97,73.96
1777024286.91,85.16,-0.01,0.01,-0.60,-0.80,74.19,74.13
1777024287.01,85.56,-0.01,0.01,-0.61,-0.80,74.52,74.48
1777024287.11,85.88,-0.01,0.01,-0.61,-0.79,74.89,74.83
1777024287.21,86.26,-0.01,0.01,-0.61,-0.79,75.20,75.16
1777024287.31,86.66,-0.01,0.01,-0.61,-0.79,75.56,75.53
1777024287.41,87.10,-0.01,0.01,-0.61,-0.79,75.86,75.84
1777024287.51,87.39,-0.01,0.01,-0.62,-0.79,76.07,76.05
1777024287.61,87.56,-0.01,0.01,-0.62,-0.79,76.26,76.25
1777024287.71,87.79,-0.01,0.01,-0.62,-0.79,76.45,76.43
1777024287.81,88.11,-0.01,0.01,-0.62,-0.78,76.61,76.59
1777024287.91,88.17,-0.01,0.01,-0.62,-0.78,76.67,76.65
1777024288.01,88.31,-0.01,0.01,-0.62,-0.78,76.67,76.65
1777024288.11,88.37,-0.01,0.01,-0.62,-0.78,76.64,76.63
1777024288.21,88.43,-0.01,0.01,-0.62,-0.78,76.58,76.58
1777024288.31,88.52,-0.01,0.01,-0.62,-0.79,76.45,76.46
1777024288.41,88.34,-0.00,0.01,-0.62,-0.79,76.27,76.32
1777024288.51,87.76,-0.00,0.01,-0.61,-0.79,75.68,75.76
1777024288.61,86.78,-0.00,0.01,-0.60,-0.80,74.29,74.58
1777024288.71,84.81,-0.00,0.01,-0.59,-0.81,72.17,72.41
1777024288.81,82.09,-0.01,0.01,-0.57,-0.82,69.19,69.85
1777024288.91,78.87,-0.01,0.01,-0.54,-0.84,65.33,66.10
1777024289.01,74.78,-0.01,0.01,-0.51,-0.86,61.23,61.98
1777024289.11,70.84,-0.01,0.01,-0.48,-0.88,57.30,57.96
1777024289.21,67.25,-0.01,0.01,-0.45,-0.89,53.64,53.96
1777024289.31,64.35,-0.01,0.01,-0.43,-0.90,50.74,51.14
1777024289.41,61.92,-0.01,0.01,-0.41,-0.91,48.51,48.79
1777024289.51,59.78,-0.01,0.01,-0.40,-0.92,46.65,46.82
1777024289.61,57.92,-0.01,0.01,-0.38,-0.92,44.88,45.11
1777024289.71,56.13,-0.01,0.01,-0.37,-0.93,42.91,43.11
1777024289.81,53.92,-0.01,0.01,-0.35,-0.94,40.46,40.73
1777024289.91,50.82,-0.01,0.02,-0.32,-0.95,37.31,37.66
1777024290.01,46.65,-0.01,0.02,-0.29,-0.96,33.26,33.68
1777024290.11,42.28,-0.01,0.02,-0.25,-0.97,28.67,29.14
1777024290.21,37.46,-0.01,0.02,-0.21,-0.98,23.87,24.34
1777024290.31,32.83,-0.01,0.02,-0.17,-0.99,19.07,19.54
1777024290.41,28.22,-0.01,0.02,-0.13,-0.99,14.51,15.16
1777024290.51,24.19,-0.01,0.02,-0.09,-1.00,10.55,11.06
1777024290.61,21.24,-0.01,0.02,-0.07,-1.00,7.54,7.79
1777024290.71,18.92,-0.01,0.02,-0.05,-1.00,5.63,5.61
1777024290.81,17.88,-0.01,0.02,-0.04,-1.00,4.28,4.35
1777024290.91,17.53,-0.01,0.02,-0.03,-1.00,3.90,3.89
1777024291.01,17.56,-0.01,0.02,-0.04,-1.00,4.16,3.90
1777024291.11,18.46,-0.01,0.02,-0.04,-1.00,4.94,4.93
1777024291.21,19.79,-0.01,0.02,-0.05,-1.00,6.07,6.06
1777024291.31,21.30,-0.01,0.02,-0.07,-1.00,7.46,7.45
1777024291.41,22.63,-0.01,0.01,-0.08,-1.00,8.98,8.68
1777024291.51,24.08,-0.01,0.01,-0.09,-1.00,10.59,10.29
1777024291.61,25.79,-0.01,0.01,-0.11,-0.99,12.22,12.21
1777024291.71,27.44,-0.01,0.01,-0.12,-0.99,13.72,13.71
1777024291.81,29.00,-0.01,0.01,-0.13,-0.99,15.09,15.08
1777024291.91,30.39,-0.01,0.01,-0.14,-0.99,16.34,16.33
1777024292.01,31.49,-0.01,0.01,-0.15,-0.99,17.40,17.23
1777024292.11,32.65,-0.01,0.01,-0.16,-0.99,18.23,18.23
1777024292.21,33.38,-0.01,0.01,-0.16,-0.99,18.57,18.52
1777024292.31,32.82,-0.01,0.01,-0.16,-0.99,18.14,18.18
1777024292.41,31.38,-0.01,0.01,-0.15,-0.99,16.78,16.78
1777024292.51,29.73,-0.01,0.02,-0.13,-0.99,14.86,14.86
1777024292.61,27.64,-0.01,0.02,-0.11,-0.99,12.78,12.78
1777024292.71,25.85,-0.01,0.02,-0.09,-1.00,10.77,10.76
1777024292.81,24.22,-0.01,0.02,-0.08,-1.00,8.95,9.05
1777024292.91,22.66,-0.01,0.01,-0.06,-1.00,7.20,7.27
1777024293.01,20.95,-0.01,0.02,-0.05,-1.00,5.66,5.70
1777024293.11,19.88,-0.01,0.02,-0.04,-1.00,4.38,4.37
1777024293.21,19.01,-0.01,0.02,-0.03,-1.00,3.33,3.33
1777024293.31,18.32,-0.01,0.02,-0.02,-1.00,2.54,2.53
1777024293.41,17.85,-0.01,0.02,-0.02,-1.00,2.00,2.00
1777024293.51,17.53,-0.01,0.02,-0.01,-1.00,1.68,1.67
1777024293.61,17.65,-0.01,0.02,-0.01,-1.00,1.61,1.52
1777024293.71,17.76,-0.01,0.02,-0.01,-1.00,1.67,1.67
1777024293.81,18.11,-0.01,0.02,-0.02,-1.00,1.91,1.90
1777024293.91,18.52,-0.01,0.02,-0.02,-1.00,2.28,2.28
1777024294.01,18.99,-0.01,0.02,-0.02,-1.00,2.81,2.70
1777024294.11,19.62,-0.01,0.02,-0.03,-1.00,3.37,3.37
1777024294.21,20.20,-0.01,0.02,-0.03,-1.00,3.92,3.91
1777024294.31,20.75,-0.01,0.02,-0.04,-1.00,4.46,4.46
1777024294.41,21.33,-0.01,0.02,-0.04,-1.00,5.01,5.01
1777024294.51,21.62,-0.01,0.02,-0.05,-1.00,5.42,5.42
1777024294.61,21.94,-0.01,0.02,-0.05,-1.00,5.86,5.86
1777024294.71,22.43,-0.01,0.02,-0.05,-1.00,6.15,6.15
1777024294.81,22.72,-0.01,0.02,-0.06,-1.00,6.36,6.36
1777024294.91,22.92,-0.01,0.02,-0.06,-1.00,6.47,6.44
1777024295.01,22.98,-0.01,0.02,-0.06,-1.00,6.50,6.48
1777024295.11,22.80,-0.01,0.02,-0.06,-1.00,6.54,6.51
1777024295.21,22.95,-0.01,0.02,-0.06,-1.00,6.49,6.48
1777024295.31,22.97,-0.01,0.02,-0.06,-1.00,6.34,6.34
1777024295.41,22.80,-0.01,0.02,-0.05,-1.00,6.16,6.16
1777024295.51,22.57,-0.01,0.02,-0.05,-1.00,5.97,5.97
1777024295.61,22.34,-0.01,0.02,-0.05,-1.00,5.76,5.76
1777024295.71,22.28,-0.01,0.02,-0.05,-1.00,5.56,5.56
1777024295.81,22.31,-0.01,0.02,-0.05,-1.00,5.33,5.32
1777024295.91,22.19,-0.01,0.02,-0.04,-1.00,5.07,5.07
1777024296.01,21.96,-0.01,0.02,-0.04,-1.00,4.84,4.84
1777024296.11,21.73,-0.01,0.02,-0.04,-1.00,4.63,4.63
1777024296.21,21.64,-0.01,0.02,-0.04,-1.00,4.37,4.37
1777024296.31,21.41,-0.01,0.02,-0.04,-1.00,4.11,4.11
1777024296.41,21.06,-0.01,0.02,-0.03,-1.00,3.88,3.88
1777024296.51,20.80,-0.01,0.02,-0.03,-1.00,3.66,3.66
1777024296.61,20.69,-0.01,0.02,-0.03,-1.00,3.45,3.45
1777024296.71,20.71,-0.01,0.02,-0.03,-1.00,3.24,3.24
1777024296.81,20.60,-0.01,0.02,-0.03,-1.00,3.06,3.06
1777024296.91,20.60,-0.01,0.02,-0.03,-1.00,2.89,2.89
1777024297.01,20.60,-0.01,0.02,-0.02,-1.00,2.74,2.73
1777024297.11,20.42,-0.01,0.02,-0.02,-1.00,2.58,2.58
1777024297.21,20.42,-0.01,0.02,-0.02,-1.00,2.41,2.41
1777024297.31,20.48,-0.01,0.02,-0.02,-1.00,2.25,2.25
1777024297.41,20.37,-0.01,0.02,-0.02,-1.00,2.13,2.13
1777024297.51,20.25,-0.01,0.02,-0.02,-1.00,2.06,2.05
1777024297.61,20.22,-0.01,0.02,-0.02,-1.00,2.01,1.99
1777024297.71,20.28,-0.01,0.02,-0.02,-1.00,1.93,1.93
1777024297.81,20.28,-0.01,0.02,-0.02,-1.00,1.89,1.89
1777024297.91,20.37,-0.01,0.02,-0.02,-1.00,1.87,1.86
1777024298.01,20.42,-0.01,0.02,-0.02,-1.00,1.88,1.87
1777024298.11,20.48,-0.01,0.02,-0.02,-1.00,1.89,1.87
1777024298.21,20.60,-0.01,0.02,-0.02,-1.00,1.89,1.88
1777024298.31,20.69,-0.01,0.02,-0.02,-1.00,1.89,1.88
1777024298.41,20.80,-0.01,0.02,-0.02,-1.00,1.91,1.89
1777024298.51,20.80,-0.01,0.01,-0.02,-1.00,2.00,1.98
1777024298.61,21.03,-0.01,0.01,-0.02,-1.00,2.08,2.05
1777024298.71,21.50,-0.01,0.01,-0.02,-1.00,2.21,2.18
1777024298.81,21.76,-0.01,0.01,-0.02,-1.00,2.32,2.30
1777024298.91,21.93,-0.01,0.01,-0.02,-1.00,2.41,2.40
1777024299.01,21.87,-0.01,0.02,-0.02,-1.00,2.45,2.44
1777024299.11,21.93,-0.01,0.02,-0.02,-1.00,2.49,2.48
1777024299.21,22.08,-0.01,0.02,-0.02,-1.00,2.49,2.48
1777024299.31,21.96,-0.01,0.01,-0.02,-1.00,2.46,2.46
1777024299.41,21.79,-0.01,0.01,-0.02,-1.00,2.13,2.13
1777024299.51,20.57,-0.01,0.01,-0.01,-1.00,1.20,1.20
1777024299.61,18.31,-0.01,0.01,0.01,-1.00,-0.75,-0.75
1777024299.71,15.27,-0.01,0.01,0.03,-1.00,-3.88,-3.88
1777024299.81,10.72,-0.01,0.01,0.07,-1.00,-8.35,-8.35
1777024299.91,4.98,-0.01,0.01,0.12,-0.99,-14.23,-13.67
1777024300.01,-2.20,-0.01,0.02,0.19,-0.98,-21.36,-20.74
1777024300.11,-10.17,-0.01,0.02,0.25,-0.97,-29.22,-28.58
1777024300.21,-18.22,-0.01,0.02,0.32,-0.95,-37.32,-37.33
1777024300.31,-26.17,-0.01,0.02,0.38,-0.92,-45.23,-44.70
1777024300.41,-33.55,-0.00,0.02,0.44,-0.90,-52.63,-52.19
1777024300.51,-40.63,-0.00,0.02,0.50,-0.87,-59.52,-59.15
1777024300.61,-47.20,-0.00,0.02,0.54,-0.84,-65.83,-65.55
1777024300.71,-52.68,-0.00,0.02,0.58,-0.81,-71.47,-71.26
1777024300.81,-57.43,-0.00,0.02,0.62,-0.79,-76.33,-76.35
1777024300.91,-61.78,-0.00,0.02,0.65,-0.76,-80.62,-80.56
1777024301.01,-65.71,-0.00,0.02,0.67,-0.74,-84.70,-84.66
1777024301.11,-69.71,-0.00,0.02,0.70,-0.71,-88.73,-88.65
1777024301.21,-73.45,-0.00,0.02,0.72,-0.69,-92.45,-92.47
1777024301.31,-76.52,-0.00,0.02,0.74,-0.67,-95.61,-95.67
1777024301.41,-78.55,-0.00,0.02,0.75,-0.66,-97.87,-97.89
1777024301.51,-79.83,-0.00,0.02,0.76,-0.65,-99.15,-99.38
1777024301.61,-79.92,-0.00,0.02,0.76,-0.65,-99.57,-99.89
1777024301.71,-79.57,-0.00,0.02,0.76,-0.65,-99.25,-99.63
1777024301.81,-78.58,-0.00,0.02,0.76,-0.65,-98.33,-98.72
1777024301.91,-77.08,-0.00,0.02,0.75,-0.66,-96.85,-97.27
1777024302.01,-75.17,-0.00,0.02,0.74,-0.67,-95.10,-95.54
1777024302.11,-73.05,-0.00,0.02,0.73,-0.69,-93.23,-93.63
1777024302.21,-70.99,-0.00,0.02,0.72,-0.70,-91.34,-91.35
1777024302.31,-69.07,-0.00,0.02,0.70,-0.71,-89.50,-89.51
1777024302.41,-67.28,-0.00,0.02,0.69,-0.72,-87.77,-87.77
1777024302.51,-65.80,-0.00,0.02,0.68,-0.73,-86.23,-86.24
1777024302.61,-64.47,-0.00,0.02,0.68,-0.74,-84.97,-84.97
1777024302.71,-63.51,-0.00,0.02,0.67,-0.74,-83.96,-83.96
1777024302.81,-62.64,-0.00,0.02,0.66,-0.75,-83.11,-83.12
1777024302.91,-62.29,-0.00,0.02,0.66,-0.75,-82.62,-82.63
1777024303.01,-61.83,-0.00,0.02,0.66,-0.75,-82.35,-82.45
1777024303.11,-61.92,-0.00,0.02,0.66,-0.75,-82.26,-82.30
1777024303.21,-61.86,-0.00,0.02,0.66,-0.75,-82.37,-82.42
1777024303.31,-62.12,-0.00,0.02,0.66,-0.75,-82.68,-82.68
1777024303.41,-62.50,-0.00,0.02,0.66,-0.75,-83.10,-83.10
1777024303.51,-62.96,-0.00,0.02,0.67,-0.75,-83.62,-83.62
1777024303.61,-63.42,-0.00,0.02,0.67,-0.74,-84.18,-84.18
1777024303.71,-63.89,-0.00,0.02,0.67,-0.74,-84.76,-84.76
1777024303.81,-64.58,-0.00,0.02,0.68,-0.73,-85.54,-85.51
1777024303.91,-65.60,-0.00,0.02,0.69,-0.73,-86.69,-86.69
1777024304.01,-67.54,-0.00,0.02,0.70,-0.72,-88.57,-88.41
1777024304.11,-70.32,-0.01,0.02,0.72,-0.70,-91.46,-91.21
1777024304.21,-74.29,-0.01,0.02,0.74,-0.67,-95.54,-95.19
1777024304.31,-79.39,-0.00,0.02,0.77,-0.64,-100.73,-100.74
1777024304.41,-85.22,-0.00,0.02,0.80,-0.60,-106.53,-106.55
1777024304.51,-91.19,-0.00,0.01,0.83,-0.56,-112.45,-112.04
1777024304.61,-96.86,-0.00,0.01,0.86,-0.51,-118.05,-118.06
1777024304.71,-101.96,-0.00,0.01,0.88,-0.48,-123.14,-122.89
1777024304.81,-106.31,-0.00,0.01,0.90,-0.44,-127.51,-127.52
1777024304.91,-109.41,0.00,0.01,0.91,-0.42,-130.95,-130.90
1777024305.01,-111.61,0.00,0.01,0.92,-0.39,-133.48,-133.52
1777024305.11,-113.56,0.00,0.01,0.93,-0.38,-135.48,-135.54
1777024305.21,-115.38,0.00,0.01,0.93,-0.36,-137.42,-137.45
1777024305.31,-117.66,0.00,0.01,0.94,-0.35,-139.58,-139.59
1777024305.41,-120.10,0.00,0.01,0.95,-0.33,-141.97,-141.97
1777024305.51,-122.42,0.00,0.02,0.95,-0.31,-144.45,-144.45
1777024305.61,-124.80,0.00,0.01,0.96,-0.29,-146.83,-146.83
1777024305.71,-127.29,0.00,0.01,0.96,-0.26,-149.39,-149.35
1777024305.81,-130.33,0.00,0.01,0.97,-0.24,-152.44,-152.36
1777024305.91,-133.92,0.00,0.01,0.98,-0.21,-155.95,-155.84
1777024306.01,-137.69,0.00,0.01,0.98,-0.18,-159.69,-159.39
1777024306.11,-141.19,0.00,0.01,0.99,-0.15,-163.32,-163.24
1777024306.21,-144.44,0.01,0.01,0.99,-0.12,-166.60,-166.57
1777024306.31,-146.99,0.01,0.01,1.00,-0.09,-169.19,-169.24
1777024306.41,-148.76,0.01,0.01,1.00,-0.08,-170.97,-171.11
1777024306.51,-149.68,0.01,0.01,1.00,-0.07,-172.02,-172.21
1777024306.61,-149.94,0.01,0.01,1.00,-0.07,-172.38,-172.63
1777024306.71,-149.63,0.01,0.01,1.00,-0.07,-172.20,-172.47
1777024306.81,-148.93,0.01,0.01,1.00,-0.07,-171.52,-171.84
1777024306.91,-147.89,0.01,0.01,1.00,-0.08,-170.49,-170.81
1777024307.01,-146.45,0.01,0.01,1.00,-0.09,-169.25,-169.58
1777024307.11,-145.02,0.01,0.01,0.99,-0.11,-167.94,-168.23
1777024307.21,-143.66,0.01,0.01,0.99,-0.12,-166.61,-166.86
1777024307.31,-142.41,0.01,0.01,0.99,-0.13,-165.33,-165.34
1777024307.41,-141.02,0.01,0.01,0.99,-0.14,-164.11,-164.35
1777024307.51,-140.01,0.01,0.01,0.99,-0.15,-162.99,-163.19
1777024307.61,-139.11,0.01,0.01,0.99,-0.16,-162.01,-162.20
1777024307.71,-138.06,0.01,0.01,0.99,-0.16,-161.12,-161.28
1777024307.81,-137.20,0.01,0.01,0.99,-0.17,-160.40,-160.54
1777024307.91,-136.56,0.00,0.01,0.98,-0.17,-159.86,-159.97
1777024308.01,-136.09,0.00,0.01,0.98,-0.18,-159.44,-159.54
1777024308.11,-135.83,0.00,0.01,0.98,-0.18,-159.18,-159.25
1777024308.21,-135.80,0.00,0.01,0.98,-0.18,-159.14,-159.17
1777024308.31,-135.86,0.00,0.01,0.98,-0.18,-159.28,-159.31
1777024308.41,-136.09,0.00,0.01,0.98,-0.18,-159.56,-159.58
1777024308.51,-136.41,0.00,0.01,0.98,-0.17,-159.95,-159.95
1777024308.61,-136.93,0.00,0.01,0.99,-0.17,-160.41,-160.41
1777024308.71,-137.42,0.00,0.01,0.99,-0.17,-160.95,-160.94
1777024308.81,-137.86,0.00,0.01,0.99,-0.16,-161.54,-161.53
1777024308.91,-138.49,0.01,0.01,0.99,-0.16,-162.14,-162.12
1777024309.01,-138.96,0.01,0.01,0.99,-0.15,-162.75,-162.74
1777024309.11,-139.54,0.01,0.01,0.99,-0.14,-163.35,-163.34
1777024309.21,-140.12,0.01,0.01,0.99,-0.14,-163.95,-163.93
1777024309.31,-140.49,0.01,0.01,0.99,-0.14,-164.45,-164.45
1777024309.41,-140.67,0.01,0.01,0.99,-0.13,-164.90,-164.91
1777024309.51,-140.90,0.01,0.01,0.99,-0.13,-165.28,-165.30
1777024309.61,-141.10,0.01,0.01,0.99,-0.13,-165.58,-165.60
1777024309.71,-141.28,0.01,0.01,0.99,-0.12,-165.84,-165.86
1777024309.81,-141.33,0.01,0.01,0.99,-0.12,-165.99,-166.03
1777024309.91,-141.33,0.01,0.01,0.99,-0.12,-166.17,-166.18
1777024310.01,-141.42,0.01,0.01,0.99,-0.12,-166.27,-166.29
1777024310.11,-141.42,0.01,0.01,0.99,-0.12,-166.41,-166.45
1777024310.21,-141.54,0.01,0.01,0.99,-0.12,-166.52,-166.53
1777024310.31,-141.80,0.01,0.01,0.99,-0.12,-166.77,-166.78
1777024310.41,-142.44,0.00,0.01,0.99,-0.11,-167.40,-167.35
1777024310.51,-143.74,0.01,0.01,1.00,-0.10,-168.62,-168.51
1777024310.61,-145.85,0.01,0.01,1.00,-0.08,-170.60,-170.44
1777024310.71,-148.46,0.01,0.01,1.00,-0.06,-173.21,-172.99
1777024310.81,-151.45,0.01,0.01,1.00,-0.03,-176.26,-176.02
1777024310.91,-154.50,0.01,0.01,1.00,-0.01,-179.36,-179.14
1777024311.01,-157.33,0.01,0.01,1.00,0.02,177.70,177.88
1777024311.11,-159.79,0.01,0.01,1.00,0.04,175.09,175.22
1777024311.21,-161.76,0.01,0.01,1.00,0.06,172.93,172.99
1777024311.31,-163.47,0.01,0.01,1.00,0.08,171.28,171.29
1777024311.41,-164.57,0.01,0.01,1.00,0.09,170.13,170.10
1777024311.51,-165.15,0.01,0.01,1.00,0.09,169.45,169.37
1777024311.61,-165.21,0.01,0.01,1.00,0.09,169.16,169.06
1777024311.71,-165.06,0.01,0.01,1.00,0.09,169.20,169.07
1777024311.81,-164.48,0.01,0.01,1.00,0.09,169.56,169.43
1777024311.91,-163.61,0.01,0.01,1.00,0.09,170.13,169.98
1777024312.01,-162.97,0.01,0.01,1.00,0.08,170.85,170.71
1777024312.11,-162.11,0.01,0.01,1.00,0.07,171.63,171.47
1777024312.21,-161.06,0.01,0.01,1.00,0.07,172.39,172.27
1777024312.31,-160.22,0.01,0.01,1.00,0.06,173.13,173.01
1777024312.41,-159.53,0.00,0.01,1.00,0.05,173.84,173.72
1777024312.51,-158.77,0.00,0.01,1.00,0.05,174.51,174.40
1777024312.61,-158.05,0.00,0.01,1.00,0.04,175.13,175.04
1777024312.71,-157.38,0.00,0.01,1.00,0.04,175.76,175.62
1777024312.81,-156.86,0.00,0.01,1.00,0.03,176.22,176.12
1777024312.91,-156.37,0.00,0.01,1.00,0.03,176.54,176.46
1777024313.01,-156.08,0.00,0.01,1.00,0.03,176.82,176.74
1777024313.11,-155.73,0.00,0.01,1.00,0.03,176.98,176.96
1777024313.21,-155.85,0.00,0.01,1.00,0.03,176.70,176.79
1777024313.31,-156.95,0.00,0.01,1.00,0.04,175.64,175.90
1777024313.41,-158.86,0.01,0.01,1.00,0.06,173.61,174.05
1777024313.51,-161.91,0.01,0.01,1.00,0.08,170.40,171.09
1777024313.61,-166.08,0.01,0.01,0.99,0.12,165.98,166.90
1777024313.71,-171.65,0.01,0.01,0.99,0.17,160.37,161.48
1777024313.81,-177.90,0.01,0.01,0.97,0.22,154.03,155.20
1777024313.91,175.61,0.01,0.01,0.96,0.28,147.52,148.65
1777024314.01,169.23,0.01,0.01,0.94,0.33,141.29,142.32
1777024314.11,163.55,0.01,0.00,0.93,0.38,135.66,136.50
1777024314.21,159.35,0.02,0.00,0.91,0.41,130.96,131.61
1777024314.31,155.93,0.02,0.00,0.90,0.44,127.25,127.67
1777024314.41,153.33,0.02,0.00,0.89,0.46,124.63,124.83
1777024314.51,151.65,0.02,0.00,0.88,0.48,123.02,123.04
1777024314.61,150.70,0.02,0.00,0.88,0.48,122.32,122.16
1777024314.71,150.79,0.02,-0.00,0.88,0.48,122.31,122.06
1777024314.81,151.63,0.02,0.00,0.88,0.48,122.87,122.52
1777024314.91,152.62,0.02,0.00,0.88,0.47,123.81,123.49
1777024315.01,153.60,0.02,0.00,0.89,0.46,124.81,124.44
1777024315.11,154.79,0.02,0.00,0.89,0.45,125.93,125.55
1777024315.21,155.95,0.02,0.00,0.90,0.45,127.10,126.73
1777024315.31,157.34,0.02,0.00,0.90,0.44,128.26,127.90
1777024315.41,158.41,0.02,-0.00,0.90,0.43,129.26,128.99
1777024315.51,158.82,0.02,0.00,0.91,0.42,129.75,129.58
1777024315.61,158.50,0.02,0.00,0.90,0.43,129.45,129.50
1777024315.71,157.25,0.02,0.00,0.90,0.44,128.23,128.44
1777024315.81,155.57,0.02,0.00,0.89,0.45,126.45,126.73
1777024315.91,153.60,0.02,0.00,0.88,0.47,124.45,124.74
1777024316.01,151.75,0.02,0.00,0.88,0.48,122.52,122.78
1777024316.11,149.95,0.02,0.00,0.87,0.49,120.73,120.96
1777024316.21,148.26,0.02,0.00,0.86,0.51,119.15,119.32
1777024316.31,147.04,0.02,0.00,0.86,0.52,117.90,118.00
1777024316.41,146.23,0.02,0.00,0.85,0.52,116.96,116.93
1777024316.51,145.59,0.02,0.00,0.85,0.53,116.35,116.28
1777024316.61,145.30,0.02,0.00,0.85,0.53,115.99,115.90
1777024316.71,145.01,0.02,0.00,0.85,0.53,115.85,115.76
1777024316.81,144.98,0.02,-0.00,0.85,0.53,115.82,115.73
1777024316.91,145.21,0.02,-0.00,0.85,0.53,115.87,115.78
1777024317.01,145.50,0.02,0.00,0.85,0.53,116.04,115.93
1777024317.11,145.79,0.02,-0.00,0.85,0.53,116.37,116.24
1777024317.21,146.24,0.02,-0.00,0.85,0.52,116.70,116.61
1777024317.31,146.41,0.02,-0.00,0.85,0.52,116.95,116.87
1777024317.41,146.47,0.02,-0.00,0.85,0.52,116.86,116.84
1777024317.51,145.57,0.02,-0.00,0.85,0.53,116.09,116.15
1777024317.61,143.78,0.02,-0.00,0.84,0.54,114.35,114.51
1777024317.71,140.88,0.02,-0.00,0.83,0.56,111.40,111.67
1777024317.81,136.50,0.02,-0.00,0.80,0.59,107.10,107.49
1777024317.91,130.83,0.02,-0.00,0.77,0.63,101.32,101.84
1777024318.01,123.90,0.02,-0.00,0.73,0.68,94.23,94.82
1777024318.11,115.90,0.02,-0.00,0.68,0.73,85.48,86.91
1777024318.21,107.73,0.02,-0.00,0.63,0.78,78.18,78.75
1777024318.31,99.91,0.02,-0.00,0.58,0.82,70.25,70.80
1777024318.41,92.32,0.02,-0.00,0.52,0.85,62.74,63.18
1777024318.51,85.59,0.01,-0.00,0.47,0.88,55.89,56.23
1777024318.61,79.40,0.01,-0.01,0.42,0.91,49.81,50.05
1777024318.71,74.56,0.01,-0.01,0.38,0.93,44.60,44.73
1777024318.81,70.91,0.02,-0.01,0.35,0.94,40.37,40.43
1777024318.91,68.01,0.02,-0.01,0.32,0.95,37.24,37.17
1777024319.01,66.24,0.02,-0.01,0.30,0.95,35.29,35.12
1777024319.11,65.61,0.02,-0.01,0.30,0.96,34.42,34.17
1777024319.21,65.52,0.02,-0.01,0.30,0.96,34.38,34.06
1777024319.31,66.39,0.02,-0.01,0.30,0.95,35.08,34.72
1777024319.41,67.95,0.02,-0.01,0.31,0.95,36.40,36.01
1777024319.51,69.69,0.02,-0.01,0.33,0.94,38.18,37.76
1777024319.61,71.75,0.02,-0.01,0.34,0.94,40.20,39.80
1777024319.71,74.03,0.02,-0.01,0.36,0.93,42.40,42.01
1777024319.81,76.24,0.02,-0.00,0.38,0.93,44.50,44.14
1777024319.91,78.18,0.02,-0.00,0.39,0.92,46.33,46.06
1777024320.01,79.46,0.02,-0.00,0.40,0.91,47.53,47.33
1777024320.11,79.89,0.02,-0.00,0.40,0.91,47.71,47.64
1777024320.21,78.44,0.02,-0.00,0.39,0.92,46.47,46.54
1777024320.31,76.12,0.02,-0.00,0.37,0.93,44.03,44.21
1777024320.41,72.96,0.02,-0.00,0.35,0.94,40.64,40.89
1777024320.51,69.11,0.02,-0.00,0.32,0.95,36.75,37.01
1777024320.61,65.34,0.02,-0.01,0.28,0.96,32.88,33.09
1777024320.71,61.64,0.02,-0.01,0.25,0.97,29.26,29.45
1777024320.81,58.62,0.02,-0.01,0.23,0.97,26.14,26.27
1777024320.91,56.19,0.02,-0.01,0.20,0.98,23.64,23.72
1777024321.01,54.28,0.02,-0.01,0.19,0.98,21.74,21.75
1777024321.11,53.17,0.02,-0.01,0.18,0.98,20.43,20.39
1777024321.21,52.54,0.02,-0.01,0.17,0.99,19.63,19.55
1777024321.31,52.33,0.02,-0.01,0.17,0.99,19.28,19.16
1777024321.41,52.54,0.02,-0.01,0.17,0.99,19.36,19.23
1777024321.51,52.77,0.02,-0.01,0.17,0.99,19.65,19.51
1777024321.61,52.89,0.01,-0.01,0.17,0.99,19.75,19.64
1777024321.71,52.45,0.01,-0.01,0.17,0.99,19.31,19.29
1777024321.81,51.12,0.01,-0.01,0.16,0.99,17.99,18.07
1777024321.91,48.63,0.01,-0.00,0.13,0.99,15.42,15.63
1777024322.01,44.60,0.01,-0.00,0.10,0.99,11.64,11.97
1777024322.11,39.50,0.01,-0.00,0.06,1.00,6.74,7.13
1777024322.21,33.93,0.01,-0.00,0.01,1.00,1.18,1.61
1777024322.31,28.11,0.01,-0.00,-0.04,1.00,-4.70,-4.27
1777024322.41,22.14,0.01,-0.00,-0.09,1.00,-10.61,-10.20
1777024322.51,16.46,0.01,-0.01,-0.14,0.99,-16.20,-15.86
1777024322.61,11.68,0.01,-0.01,-0.18,0.98,-21.13,-20.89
1777024322.71,7.80,0.01,-0.01,-0.22,0.98,-25.29,-25.14
1777024322.81,4.64,0.01,-0.01,-0.25,0.97,-28.58,-28.50
1777024322.91,2.78,0.01,-0.01,-0.27,0.96,-30.96,-30.98
1777024323.01,1.63,0.01,-0.01,-0.28,0.96,-32.37,-32.47
1777024323.11,1.13,0.01,-0.01,-0.28,0.96,-32.88,-33.05
1777024323.21,1.48,0.01,-0.01,-0.28,0.96,-32.69,-32.92
1777024323.31,2.35,0.01,-0.01,-0.28,0.96,-31.98,-32.25
1777024323.41,3.74,0.01,-0.01,-0.27,0.96,-30.78,-31.09
1777024323.51,5.33,0.01,-0.01,-0.25,0.97,-29.26,-29.56
1777024323.61,7.36,0.01,-0.01,-0.24,0.97,-27.33,-27.65
1777024323.71,9.48,0.01,-0.01,-0.22,0.98,-25.39,-25.69
1777024323.81,11.67,0.01,-0.01,-0.20,0.98,-23.49,-23.76
1777024323.91,13.36,0.01,-0.01,-0.19,0.98,-21.70,-21.95
1777024324.01,14.80,0.01,-0.01,-0.17,0.98,-20.17,-20.40
1777024324.11,16.11,0.01,-0.01,-0.16,0.99,-18.83,-19.01
1777024324.21,17.15,0.01,-0.01,-0.15,0.99,-17.74,-17.89
1777024324.31,18.02,0.01,-0.01,-0.15,0.99,-17.00,-17.10
1777024324.41,18.57,0.01,-0.01,-0.14,0.99,-16.51,-16.59
1777024324.51,18.74,0.01,-0.01,-0.14,0.99,-16.23,-16.29
1777024324.61,18.77,0.01,-0.01,-0.14,0.99,-16.12,-16.16
1777024324.71,18.95,0.01,-0.01,-0.14,0.99,-16.13,-16.15
1777024324.81,18.66,0.01,-0.01,-0.14,0.99,-16.37,-16.38
1777024324.91,18.40,0.01,-0.01,-0.15,0.99,-16.76,-16.75
1777024325.01,17.88,0.01,-0.01,-0.15,0.99,-17.26,-17.23
1777024325.11,17.18,0.01,-0.01,-0.16,0.99,-17.85,-17.82
1777024325.21,16.63,0.01,-0.01,-0.16,0.99,-18.54,-18.50
1777024325.31,16.08,0.01,-0.01,-0.17,0.99,-19.19,-19.16
1777024325.41,15.33,0.01,-0.01,-0.17,0.98,-19.92,-19.89
1777024325.51,14.63,0.01,-0.01,-0.18,0.98,-20.54,-20.52
1777024325.61,14.17,0.01,-0.01,-0.18,0.98,-21.09,-21.08
1777024325.71,13.70,0.01,-0.01,-0.19,0.98,-21.53,-21.52
1777024325.81,13.56,0.01,-0.01,-0.19,0.98,-21.79,-21.80
1777024325.91,13.35,0.01,-0.01,-0.19,0.98,-22.04,-22.04
1777024326.01,13.06,0.01,-0.01,-0.19,0.98,-22.31,-22.33
1777024326.11,12.95,0.01,-0.01,-0.19,0.98,-22.45,-22.47
1777024326.21,12.95,0.01,-0.01,-0.20,0.98,-22.56,-22.58
1777024326.31,13.12,0.01,-0.01,-0.20,0.98,-22.64,-22.66
1777024326.41,13.09,0.01,-0.01,-0.20,0.98,-22.68,-22.71
1777024326.51,12.98,0.01,-0.01,-0.20,0.98,-22.68,-22.71
1777024326.61,13.15,0.01,-0.01,-0.20,0.98,-22.66,-22.69
1777024326.71,13.21,0.01,-0.01,-0.20,0.98,-22.66,-22.70
1777024326.81,13.12,0.01,-0.01,-0.20,0.98,-22.64,-22.65
1777024326.91,13.30,0.01,-0.01,-0.20,0.98,-22.64,-22.66
1777024327.01,13.41,0.01,-0.01,-0.20,0.98,-22.64,-22.65
1777024327.11,13.44,0.01,-0.01,-0.20,0.98,-22.63,-22.65
1777024327.21,13.67,0.01,-0.01,-0.20,0.98,-22.64,-22.66
1777024327.31,13.79,0.01,-0.01,-0.20,0.98,-22.65,-22.67
1777024327.41,13.79,0.01,-0.01,-0.20,0.98,-22.67,-22.68
1777024327.51,13.67,0.01,-0.01,-0.20,0.98,-22.70,-22.71
1777024327.61,13.64,0.01,-0.01,-0.20,0.98,-22.73,-22.75
1777024327.71,13.59,0.01,-0.01,-0.20,0.98,-22.84,-22.85
1777024327.81,13.59,0.01,-0.01,-0.20,0.98,-22.95,-22.94
1777024327.91,13.47,0.01,-0.01,-0.20,0.98,-23.10,-23.09
1777024328.01,13.30,0.01,-0.01,-0.20,0.98,-23.15,-23.16
1777024328.11,13.47,0.01,-0.01,-0.20,0.98,-23.19,-23.20
1777024328.21,13.47,0.01,-0.01,-0.20,0.98,-23.22,-23.22
1777024328.31,13.56,0.01,-0.01,-0.20,0.98,-23.32,-23.32
1777024328.41,13.44,0.01,-0.01,-0.20,0.98,-23.45,-23.46
1777024328.51,13.41,0.01,-0.01,-0.20,0.98,-23.55,-23.55
1777024328.61,13.32,0.01,-0.01,-0.20,0.98,-23.62,-23.63
1777024328.71,13.50,0.01,-0.01,-0.21,0.98,-23.69,-23.70
1777024328.81,13.59,0.01,-0.01,-0.21,0.98,-23.80,-23.80
1777024328.91,13.61,0.01,-0.01,-0.21,0.98,-23.93,-23.93
1777024329.01,13.56,0.01,-0.01,-0.21,0.98,-23.99,-24.00
1777024329.11,13.53,0.01,-0.01,-0.21,0.98,-24.12,-24.13
1777024329.21,13.56,0.01,-0.01,-0.21,0.98,-24.13,-24.14
1777024329.31,13.61,0.01,-0.01,-0.21,0.98,-24.15,-24.16
1777024329.41,13.50,0.01,-0.01,-0.21,0.98,-24.21,-24.21
1777024329.51,13.47,0.01,-0.01,-0.21,0.98,-24.28,-24.28
1777024329.61,13.47,0.01,-0.01,-0.21,0.98,-24.33,-24.33
1777024329.71,13.44,0.01,-0.01,-0.21,0.98,-24.41,-24.41
1777024329.81,13.50,0.01,-0.01,-0.21,0.98,-24.51,-24.51
1777024329.91,13.50,0.01,-0.01,-0.21,0.98,-24.57,-24.56
1777024330.01,13.47,0.01,-0.01,-0.21,0.98,-24.58,-24.59
1777024330.11,13.64,0.01,-0.01,-0.21,0.98,-24.57,-24.59
1777024330.21,13.99,0.01,-0.01,-0.21,0.98,-24.51,-24.51
1777024330.31,14.17,0.01,-0.01,-0.21,0.98,-24.43,-24.43
1777024330.41,14.19,0.01,-0.01,-0.21,0.98,-24.42,-24.43
1777024330.51,14.37,0.01,-0.01,-0.21,0.98,-24.39,-24.39
1777024330.61,14.37,0.01,-0.01,-0.21,0.98,-24.35,-24.36
1777024330.71,14.72,0.01,-0.01,-0.21,0.98,-24.24,-24.27
1777024330.81,15.47,0.01,-0.01,-0.21,0.98,-23.87,-23.92
1777024330.91,16.28,0.01,-0.01,-0.20,0.98,-23.24,-23.31
1777024331.01,17.18,0.01,-0.01,-0.19,0.98,-22.42,-22.50
1777024331.11,17.99,0.01,-0.01,-0.19,0.98,-21.44,-21.55
1777024331.21,19.09,0.01,-0.01,-0.18,0.98,-20.34,-20.45
1777024331.31,20.66,0.01,-0.01,-0.16,0.99,-18.78,-18.96
1777024331.41,23.17,0.01,-0.01,-0.14,0.99,-16.12,-16.44
1777024331.51,26.77,0.01,-0.01,-0.11,0.99,-12.21,-12.61
1777024331.61,30.83,0.01,-0.01,-0.07,1.00,-7.87,-7.86
1777024331.71,35.00,0.01,-0.01,-0.03,1.00,-3.88,-4.20
1777024331.81,39.17,0.02,0.00,-0.01,1.00,-0.64,-0.85
1777024331.91,42.24,0.02,0.01,0.01,1.00,1.58,1.48
1777024332.01,44.21,0.02,0.01,0.02,1.00,2.83,2.81
1777024332.11,45.02,0.02,0.01,0.03,1.00,3.37,3.41
1777024332.21,45.31,0.02,0.01,0.03,1.00,3.46,3.52
1777024332.31,45.31,0.02,0.01,0.03,1.00,3.46,3.51
1777024332.41,45.31,0.02,0.01,0.03,1.00,3.45,3.51
1777024332.51,45.34,0.02,0.01,0.03,1.00,3.45,3.51
1777024332.61,45.40,0.02,0.01,0.03,1.00,3.46,3.51
1777024332.71,45.46,0.02,0.01,0.03,1.00,3.46,3.50
1777024332.81,45.46,0.02,0.01,0.03,1.00,3.46,3.50
1777024332.91,45.46,0.02,0.01,0.03,1.00,3.46,3.49
1777024333.01,45.46,0.02,0.01,0.03,1.00,3.45,3.49
1777024333.11,45.57,0.02,0.01,0.03,1.00,3.58,3.60
1777024333.21,45.80,0.02,0.01,0.03,1.00,3.79,3.88
1777024333.31,46.15,0.02,0.01,0.03,1.00,4.02,4.04
1777024333.41,46.50,0.02,0.01,0.04,1.00,4.13,4.16
1777024333.51,46.85,0.02,0.01,0.04,1.00,4.12,4.15
1777024333.61,46.79,0.02,0.01,0.04,1.00,4.07,4.10
1777024333.71,46.73,0.02,0.01,0.04,1.00,4.07,4.10
1777024333.81,46.67,0.02,0.01,0.04,1.00,4.07,4.10
1777024333.91,46.62,0.02,0.01,0.04,1.00,4.07,4.10
1777024334.01,46.56,0.02,0.01,0.04,1.00,4.07,4.09
1777024334.11,46.56,0.02,0.01,0.04,1.00,4.07,4.08
1777024334.21,46.56,0.02,0.01,0.04,1.00,4.07,4.09
1777024334.31,46.56,0.02,0.01,0.04,1.00,4.07,4.09
1777024334.41,46.56,0.02,0.01,0.04,1.00,4.08,4.09
1777024334.51,46.50,0.02,0.01,0.04,1.00,4.08,4.09
1777024334.61,46.44,0.02,0.01,0.04,1.00,4.08,4.09
1777024334.71,46.44,0.02,0.01,0.04,1.00,4.08,4.09
1777024334.81,46.44,0.02,0.01,0.04,1.00,4.08,4.09
1777024334.91,46.44,0.02,0.01,0.04,1.00,4.08,4.09
1777024335.01,46.44,0.02,0.01,0.04,1.00,4.08,4.09
1777024335.11,46.44,0.02,0.01,0.04,1.00,4.08,4.09
1777024335.21,46.44,0.02,0.01,0.04,1.00,4.08,4.09
1777024335.31,46.44,0.02,0.01,0.04,1.00,4.08,4.09
1777024335.41,46.44,0.02,0.01,0.04,1.00,4.08,4.09
1777024335.51,46.44,0.02,0.01,0.04,1.00,4.08,4.09
1777024335.61,46.44,0.02,0.01,0.04,1.00,4.08,4.08
1777024335.71,46.44,0.02,0.01,0.04,1.00,4.08,4.08
1777024335.81,46.44,0.02,0.01,0.04,1.00,4.08,4.08
1777024335.91,46.44,0.02,0.01,0.04,1.00,4.08,4.08
1777024336.01,46.44,0.02,0.01,0.04,1.00,4.08,4.09
1777024336.11,46.44,0.02,0.01,0.04,1.00,4.08,4.08
1777024336.21,46.44,0.02,0.01,0.04,1.00,4.08,4.08
1777024336.31,46.44,0.02,0.01,0.04,1.00,4.08,4.08
1777024336.41,46.44,0.02,0.01,0.04,1.00,4.08,4.08
1777024336.51,46.44,0.02,0.01,0.04,1.00,4.08,4.08
1777024336.61,46.44,0.02,0.01,0.04,1.00,4.08,4.08
1777024336.71,46.44,0.02,0.01,0.04,1.00,4.08,4.08
1777024336.81,46.44,0.02,0.01,0.04,1.00,4.08,4.08
1777024336.91,46.44,0.02,0.01,0.04,1.00,4.08,4.08
1777024337.01,46.44,0.02,0.01,0.04,1.00,4.08,4.08
1777024337.11,46.44,0.02,0.01,0.04,1.00,4.08,4.08
1777024337.21,46.44,0.02,0.01,0.04,1.00,4.08,4.08
1777024337.31,46.44,0.02,0.01,0.04,1.00,4.08,4.08
1777024337.41,46.44,0.02,0.01,0.04,1.00,4.08,4.08
1777024337.51,46.44,0.02,0.01,0.04,1.00,4.08,4.08
1777024337.61,46.41,0.02,0.01,0.04,1.00,4.08,4.08
1777024337.71,46.36,0.02,0.01,0.04,1.00,4.08,4.08
1777024337.81,46.36,0.02,0.01,0.04,1.00,4.08,4.08
1777024337.91,46.41,0.02,0.01,0.04,1.00,4.08,4.08
1777024338.01,46.47,0.02,0.01,0.04,1.00,4.08,4.08
1777024338.11,46.47,0.02,0.01,0.04,1.00,4.08,4.08
1777024338.21,46.47,0.02,0.01,0.04,1.00,4.08,4.08
1777024338.31,46.47,0.02,0.01,0.04,1.00,4.08,4.08
1777024338.41,46.47,0.02,0.01,0.04,1.00,4.08,4.08
1777024338.51,46.47,0.02,0.01,0.04,1.00,4.08,4.08
1777024338.61,46.47,0.02,0.01,0.04,1.00,4.08,4.08
1777024338.71,46.47,0.02,0.01,0.04,1.00,4.08,4.08
1777024338.81,46.47,0.02,0.01,0.04,1.00,4.08,4.08
1777024338.91,46.47,0.02,0.01,0.04,1.00,4.08,4.08
1777024339.01,46.47,0.02,0.01,0.04,1.00,4.08,4.08
1777024339.11,46.47,0.02,0.01,0.04,1.00,4.08,4.08
1777024339.21,46.47,0.02,0.01,0.04,1.00,4.08,4.08
1777024339.31,46.47,0.02,0.01,0.04,1.00,4.08,4.08
1777024339.41,46.47,0.02,0.01,0.04,1.00,4.08,4.08
1777024339.51,46.47,0.02,0.01,0.04,1.00,4.08,4.08
1777024339.61,46.47,0.02,0.01,0.04,1.00,4.08,4.08
1777024339.71,46.47,0.02,0.01,0.04,1.00,4.08,4.08
1777024339.81,46.47,0.02,0.01,0.04,1.00,4.08,4.08
1777024339.91,46.47,0.02,0.01,0.04,1.00,4.08,4.08
1777024340.01,46.47,0.02,0.01,0.04,1.00,4.08,4.08
1777024340.11,46.47,0.02,0.01,0.04,1.00,4.08,4.08
1777024340.21,46.47,0.02,0.01,0.04,1.00,4.08,4.08
1777024340.31,46.47,0.02,0.01,0.04,1.00,4.08,4.08
1777024340.41,46.47,0.02,0.01,0.04,1.00,4.08,4.08
1777024340.51,46.47,0.02,0.01,0.04,1.00,4.08,4.08
1777024340.61,46.47,0.02,0.01,0.04,1.00,4.08,4.08
1777024340.71,46.47,0.02,0.01,0.04,1.00,4.08,4.08
1777024340.81,46.64,0.02,0.01,0.04,1.00,4.08,4.08
1777024340.91,46.82,0.02,0.01,0.04,1.00,4.08,4.08
1777024341.01,46.99,0.02,0.01,0.04,1.00,4.08,4.08
1777024341.11,46.99,0.02,0.01,0.04,1.00,4.08,4.08
1777024341.21,46.99,0.02,0.01,0.04,1.00,4.08,4.08
1777024341.31,46.99,0.02,0.01,0.04,1.00,4.08,4.08
1777024341.41,46.99,0.02,0.01,0.04,1.00,4.08,4.08
1777024341.51,46.99,0.02,0.01,0.04,1.00,4.08,4.08
1777024341.61,46.99,0.02,0.01,0.04,1.00,4.08,4.08
1777024341.71,46.99,0.02,0.01,0.04,1.00,4.08,4.08
1777024341.81,46.99,0.02,0.01,0.04,1.00,4.08,4.08
1777024341.91,46.99,0.02,0.01,0.04,1.00,4.08,4.08
1777024342.01,46.99,0.02,0.01,0.04,1.00,4.08,4.08
1777024342.11,46.99,0.02,0.01,0.04,1.00,4.08,4.08
